episode,agent0_time,agent0_actions,agent0_reward,agent1_time,agent1_actions,agent1_reward,bounces_1,bounces_2
0,0.38328981399536133,12,1.0,0.3842635154724121,12,-1.0,0.0,0.0
1,0.4074215888977051,12,-1.0,0.4074215888977051,12,1.0,0.0,0.0
2,0.3911111354827881,12,1.0,0.39200425148010254,12,-1.0,0.0,0.0
3,0.40642690658569336,12,1.0,0.40642690658569336,12,-1.0,0.0,0.0
4,0.39232301712036133,12,1.0,0.39331579208374023,12,-1.0,0.0,0.0
5,0.4076414108276367,12,-1.0,0.4076414108276367,12,1.0,0.0,0.0
6,0.39148616790771484,12,-1.0,0.39148616790771484,12,1.0,0.0,0.0
7,0.4078047275543213,12,-1.0,0.408801794052124,12,1.0,0.0,0.0
8,0.39132118225097656,12,1.0,0.3922915458679199,12,-1.0,0.0,0.0
9,0.4080045223236084,12,1.0,0.40900158882141113,12,-1.0,0.0,0.0
10,0.3916802406311035,12,-1.0,0.39267420768737793,12,1.0,0.0,0.0
11,0.3916819095611572,12,-1.0,0.39267563819885254,12,1.0,0.0,0.0
12,0.4080533981323242,12,1.0,0.40905046463012695,12,-1.0,0.0,0.0
13,0.39127469062805176,12,1.0,0.39127469062805176,12,-1.0,0.0,0.0
14,0.407759428024292,12,1.0,0.407759428024292,12,-1.0,0.0,0.0
15,0.39151787757873535,12,-1.0,0.39151787757873535,12,1.0,0.0,0.0
16,0.4089829921722412,12,-1.0,0.40998005867004395,12,1.0,0.0,0.0
17,0.3913600444793701,12,-1.0,0.3913600444793701,12,1.0,0.0,0.0
18,0.4078042507171631,12,-1.0,0.4087989330291748,12,1.0,0.0,0.0
19,0.39100098609924316,12,-1.0,0.391998291015625,12,1.0,0.0,0.0
20,0.4091978073120117,12,1.0,0.41019153594970703,12,-1.0,0.0,0.0
21,1.092163324356079,33,1.0,1.093146562576294,33,-1.0,1.0,0.0
22,0.409121036529541,12,1.0,0.4101138114929199,12,-1.0,0.0,0.0
23,1.0942018032073975,33,1.0,1.0942018032073975,33,-1.0,1.0,0.0
24,0.39257192611694336,12,1.0,0.39257192611694336,12,-1.0,0.0,0.0
25,0.40783190727233887,12,-1.0,0.4088308811187744,12,1.0,0.0,0.0
26,0.39008545875549316,12,-1.0,0.39008545875549316,12,1.0,0.0,0.0
27,0.41063451766967773,12,1.0,0.41163206100463867,12,-1.0,0.0,0.0
28,0.3911564350128174,12,-1.0,0.3921499252319336,12,1.0,0.0,0.0
29,0.408078670501709,12,1.0,0.4089806079864502,12,-1.0,0.0,0.0
30,0.39110469818115234,12,1.0,0.39209675788879395,12,-1.0,0.0,0.0
31,0.4090690612792969,12,1.0,0.4100630283355713,12,-1.0,0.0,0.0
32,0.39145827293395996,12,1.0,0.39145827293395996,12,-1.0,0.0,0.0
33,0.4093618392944336,12,1.0,0.4103543758392334,12,-1.0,0.0,0.0
34,0.39434242248535156,12,1.0,0.3953368663787842,12,-1.0,0.0,0.0
35,0.41002321243286133,12,-1.0,0.41091418266296387,12,1.0,0.0,0.0
36,0.40889453887939453,12,1.0,0.40889453887939453,12,-1.0,0.0,0.0
37,0.39049243927001953,12,-1.0,0.39049243927001953,12,1.0,0.0,0.0
38,1.1065778732299805,33,-1.0,1.1065778732299805,33,1.0,0.0,1.0
39,0.3914330005645752,12,-1.0,0.39243054389953613,12,1.0,0.0,0.0
40,0.40991759300231934,12,-1.0,0.40991759300231934,12,1.0,0.0,0.0
41,0.3908858299255371,12,-1.0,0.3908858299255371,12,1.0,0.0,0.0
42,0.4097270965576172,12,1.0,0.41072511672973633,12,-1.0,0.0,0.0
43,0.39144134521484375,12,1.0,0.39144134521484375,12,-1.0,0.0,0.0
44,0.4075024127960205,12,-1.0,0.4075024127960205,12,1.0,0.0,0.0
45,0.40734410285949707,10,1.0,0.40734410285949707,10,-1.0,0.0,0.0
46,0.42516088485717773,10,-1.0,0.42615461349487305,10,1.0,1.0,0.0
47,0.407376766204834,10,1.0,0.408374547958374,10,-1.0,0.0,0.0
48,0.4091947078704834,10,-1.0,0.4101879596710205,10,1.0,0.0,0.0
49,0.42470312118530273,10,-1.0,0.42470312118530273,10,1.0,0.0,0.0
50,0.40862250328063965,10,1.0,0.40961647033691406,10,-1.0,0.0,0.0
51,0.42530250549316406,10,-1.0,0.4261929988861084,10,1.0,0.0,0.0
52,0.41677045822143555,10,-1.0,0.4177687168121338,10,1.0,0.0,0.0
53,0.4086751937866211,10,-1.0,0.40965771675109863,10,1.0,0.0,0.0
54,0.42612242698669434,10,-1.0,0.42612242698669434,10,1.0,0.0,0.0
55,1.0731439590454102,26,1.0,1.074143409729004,26,-1.0,1.0,0.0
56,0.42366480827331543,10,-1.0,0.4245579242706299,10,1.0,0.0,0.0
57,1.070519208908081,26,1.0,1.070519208908081,26,-1.0,1.0,0.0
58,0.42528510093688965,10,-1.0,0.4262824058532715,10,1.0,0.0,0.0
59,1.071232795715332,26,-1.0,1.071232795715332,26,1.0,0.0,1.0
60,0.4256412982940674,10,-1.0,0.4266383647918701,10,1.0,0.0,0.0
61,1.0708470344543457,26,1.0,1.071747064590454,26,-1.0,1.0,0.0
62,0.4249882698059082,10,-1.0,0.42497992515563965,10,1.0,0.0,0.0
63,0.40891337394714355,10,1.0,0.40891337394714355,10,-1.0,0.0,0.0
64,0.425281286239624,10,1.0,0.42627477645874023,10,-1.0,0.0,0.0
65,0.4068593978881836,10,1.0,0.40785741806030273,10,-1.0,0.0,0.0
66,0.4247441291809082,10,1.0,0.4257383346557617,10,-1.0,0.0,0.0
67,0.40921807289123535,10,-1.0,0.4101088047027588,10,1.0,0.0,0.0
68,0.40846705436706543,10,1.0,0.40936732292175293,10,-1.0,0.0,0.0
69,0.42573046684265137,10,-1.0,0.42573046684265137,10,1.0,0.0,0.0
70,0.4095730781555176,10,-1.0,0.4105660915374756,10,1.0,0.0,0.0
71,0.42504024505615234,10,1.0,0.4260385036468506,10,-1.0,0.0,0.0
72,0.4084498882293701,10,1.0,0.4084498882293701,10,-1.0,0.0,0.0
73,1.088407278060913,26,-1.0,1.0893847942352295,26,1.0,0.0,1.0
74,0.4101686477661133,10,-1.0,0.4101686477661133,10,1.0,0.0,0.0
75,1.7937004566192627,43,-1.0,1.7937004566192627,43,1.0,1.0,1.0
76,0.4254894256591797,10,1.0,0.4264812469482422,10,-1.0,0.0,0.0
77,0.407778263092041,10,1.0,0.407778263092041,10,-1.0,0.0,1.0
78,0.4258551597595215,10,1.0,0.4268522262573242,10,-1.0,0.0,0.0
79,0.41199541091918945,10,1.0,0.412992000579834,10,-1.0,0.0,0.0
80,0.42600154876708984,10,1.0,0.4269988536834717,10,-1.0,0.0,0.0
81,1.0757396221160889,26,-1.0,1.0757396221160889,26,1.0,0.0,1.0
82,0.4107999801635742,10,1.0,0.41280508041381836,10,-1.0,0.0,0.0
83,0.4260258674621582,10,-1.0,0.42702293395996094,10,1.0,0.0,0.0
84,0.41153955459594727,10,1.0,0.4125368595123291,10,-1.0,0.0,0.0
85,1.0728204250335693,26,-1.0,1.0738191604614258,26,1.0,0.0,1.0
86,0.47838449478149414,11,1.0,0.47937703132629395,11,-1.0,0.0,1.0
87,0.4078688621520996,10,-1.0,0.4078688621520996,10,1.0,0.0,0.0
88,0.42687320709228516,10,-1.0,0.4278712272644043,10,1.0,0.0,0.0
89,0.4078984260559082,10,-1.0,0.40889525413513184,10,1.0,0.0,0.0
90,0.40876293182373047,10,-1.0,0.40876293182373047,10,1.0,0.0,0.0
91,0.4288444519042969,10,-1.0,0.4288444519042969,10,1.0,0.0,0.0
92,0.4106574058532715,10,-1.0,0.4116513729095459,10,1.0,0.0,0.0
93,0.42552781105041504,10,-1.0,0.42552781105041504,10,1.0,0.0,0.0
94,0.4268155097961426,10,1.0,0.4278085231781006,10,-1.0,0.0,0.0
95,0.4076690673828125,10,-1.0,0.40866756439208984,10,1.0,0.0,0.0
96,0.4257636070251465,10,1.0,0.42667126655578613,10,-1.0,0.0,0.0
97,0.40790390968322754,10,1.0,0.40790390968322754,10,-1.0,0.0,0.0
98,0.41011691093444824,10,-1.0,0.41110944747924805,10,1.0,0.0,0.0
99,1.088871955871582,26,1.0,1.088871955871582,26,-1.0,1.0,0.0
100,1.0892436504364014,26,1.0,1.090242624282837,26,-1.0,1.0,0.0
101,0.4087998867034912,10,1.0,0.4096996784210205,10,-1.0,0.0,0.0
102,0.41111063957214355,10,-1.0,0.41111063957214355,10,1.0,0.0,0.0
103,0.42567944526672363,10,1.0,0.42667198181152344,10,-1.0,0.0,0.0
104,0.40726232528686523,10,-1.0,0.40825605392456055,10,1.0,0.0,0.0
105,0.42447519302368164,10,1.0,0.4253659248352051,10,-1.0,0.0,0.0
106,0.4121246337890625,10,1.0,0.41312313079833984,10,-1.0,0.0,0.0
107,0.37411952018737793,9,1.0,0.37511658668518066,9,-1.0,0.0,0.0
108,0.4081001281738281,10,1.0,0.40909314155578613,10,-1.0,0.0,0.0
109,1.0753350257873535,26,-1.0,1.0753350257873535,26,1.0,0.0,1.0
110,0.42734313011169434,10,-1.0,0.4283406734466553,10,1.0,0.0,0.0
111,1.0789721012115479,26,-1.0,1.0789721012115479,26,1.0,0.0,1.0
112,1.0890848636627197,26,1.0,1.0890848636627197,26,-1.0,1.0,0.0
113,0.4075906276702881,10,-1.0,0.4085838794708252,10,1.0,0.0,0.0
114,0.42681336402893066,10,1.0,0.42681336402893066,10,-1.0,0.0,0.0
115,0.4077165126800537,10,-1.0,0.4086940288543701,10,1.0,0.0,0.0
116,0.4124455451965332,10,1.0,0.4124455451965332,10,-1.0,0.0,0.0
117,5.3437089920043945,129,-1.0,5.344706058502197,129,1.0,1.0,1.0
118,0.40797924995422363,10,-1.0,0.40897679328918457,10,1.0,0.0,0.0
119,0.42673683166503906,10,1.0,0.4277336597442627,10,-1.0,0.0,0.0
120,0.4265267848968506,10,-1.0,0.4275193214416504,10,1.0,0.0,0.0
121,0.4091508388519287,10,1.0,0.4091508388519287,10,-1.0,0.0,0.0
122,0.42472100257873535,10,-1.0,0.42569923400878906,10,1.0,0.0,0.0
123,0.4073059558868408,10,1.0,0.40830278396606445,10,-1.0,0.0,0.0
124,0.4272751808166504,10,1.0,0.4282526969909668,10,-1.0,0.0,0.0
125,0.4588034152984619,11,-1.0,0.459796667098999,11,1.0,1.0,0.0
126,0.42443132400512695,10,1.0,0.42443132400512695,10,-1.0,0.0,0.0
127,0.4260387420654297,10,1.0,0.4270343780517578,10,-1.0,0.0,0.0
128,0.4091365337371826,10,-1.0,0.4091365337371826,10,1.0,0.0,0.0
129,0.42607903480529785,10,1.0,0.42707180976867676,10,-1.0,0.0,0.0
130,1.073768138885498,26,1.0,1.073768138885498,26,-1.0,1.0,0.0
131,0.4246342182159424,10,1.0,0.4256281852722168,10,-1.0,0.0,0.0
132,0.41089606285095215,10,-1.0,0.41089606285095215,10,1.0,0.0,0.0
133,0.41011667251586914,10,-1.0,0.41011667251586914,10,1.0,0.0,0.0
134,1.0884616374969482,26,1.0,1.0893549919128418,26,-1.0,1.0,0.0
135,0.40859150886535645,10,1.0,0.4076066017150879,10,-1.0,0.0,0.0
136,0.42622828483581543,10,-1.0,0.42722201347351074,10,1.0,0.0,0.0
137,1.070871353149414,26,1.0,1.0718646049499512,26,-1.0,1.0,0.0
138,1.8027303218841553,43,1.0,1.8037233352661133,43,-1.0,1.0,1.0
139,1.0895130634307861,26,-1.0,1.0895130634307861,26,1.0,0.0,1.0
140,0.40976762771606445,10,-1.0,0.40976762771606445,10,1.0,0.0,0.0
141,2.9634501934051514,71,1.0,2.964449882507324,71,-1.0,1.0,0.0
142,1.0883102416992188,26,1.0,1.0893042087554932,26,-1.0,1.0,0.0
143,0.46022510528564453,11,1.0,0.46121931076049805,11,-1.0,0.0,1.0
144,2.9672868251800537,71,-1.0,2.9681904315948486,71,1.0,0.0,1.0
145,2.9628214836120605,71,1.0,2.9638149738311768,71,-1.0,1.0,0.0
146,0.4252896308898926,10,-1.0,0.4252896308898926,10,1.0,0.0,0.0
147,1.0867867469787598,26,-1.0,1.0867867469787598,26,1.0,0.0,1.0
148,0.4588348865509033,11,-1.0,0.4588348865509033,11,1.0,1.0,0.0
149,0.40767383575439453,10,-1.0,0.40767383575439453,10,1.0,0.0,0.0
150,0.42488884925842285,10,-1.0,0.42577648162841797,10,1.0,0.0,0.0
151,0.40805697441101074,10,1.0,0.40894579887390137,10,-1.0,0.0,0.0
152,1.0923151969909668,26,-1.0,1.093306064605713,26,1.0,0.0,1.0
153,0.41069579124450684,10,1.0,0.4116935729980469,10,-1.0,0.0,0.0
154,1.090527057647705,26,-1.0,1.090527057647705,26,1.0,0.0,1.0
155,0.4067113399505615,10,-1.0,0.40770483016967773,10,1.0,0.0,0.0
156,1.0812103748321533,26,1.0,1.0822041034698486,26,-1.0,1.0,0.0
157,0.42475080490112305,10,-1.0,0.42475080490112305,10,1.0,0.0,0.0
158,1.0881879329681396,26,1.0,1.0891859531402588,26,-1.0,1.0,0.0
159,0.40898823738098145,10,-1.0,0.40987658500671387,10,1.0,0.0,0.0
160,1.088951826095581,26,1.0,1.089949131011963,26,-1.0,1.0,0.0
161,0.40950608253479004,10,-1.0,0.4105055332183838,10,1.0,0.0,0.0
162,1.0878233909606934,26,1.0,1.0888168811798096,26,-1.0,1.0,0.0
163,0.40805649757385254,10,1.0,0.4090263843536377,10,-1.0,0.0,0.0
164,1.0872604846954346,26,-1.0,1.088257074356079,26,1.0,0.0,1.0
165,0.40879201889038086,10,-1.0,0.40879201889038086,10,1.0,0.0,0.0
166,2.6172423362731934,63,1.0,2.618133068084717,63,-1.0,1.0,1.0
167,1.092200517654419,26,-1.0,1.0931978225708008,26,1.0,0.0,1.0
168,1.0764806270599365,26,1.0,1.0764806270599365,26,-1.0,1.0,0.0
169,1.087719202041626,26,1.0,1.087719202041626,26,-1.0,1.0,0.0
170,1.0719950199127197,26,1.0,1.0719950199127197,26,-1.0,1.0,0.0
171,0.42521047592163086,10,1.0,0.42620253562927246,10,-1.0,0.0,0.0
172,1.071281909942627,26,1.0,1.0722734928131104,26,-1.0,1.0,0.0
173,0.42626237869262695,10,1.0,0.42723584175109863,10,-1.0,0.0,0.0
174,0.4064769744873047,10,-1.0,0.4074709415435791,10,1.0,0.0,0.0
175,0.42436814308166504,10,1.0,0.42534518241882324,10,-1.0,0.0,1.0
176,1.086555004119873,26,1.0,1.086555004119873,26,-1.0,1.0,0.0
177,0.42824816703796387,10,1.0,0.42824816703796387,10,-1.0,0.0,0.0
178,1.0887975692749023,26,-1.0,1.0897908210754395,26,1.0,0.0,1.0
179,0.42480039596557617,10,-1.0,0.425792932510376,10,1.0,0.0,0.0
180,0.4126095771789551,10,-1.0,0.4136080741882324,10,1.0,0.0,0.0
181,1.0881388187408447,26,1.0,1.0881388187408447,26,-1.0,1.0,0.0
182,1.0731031894683838,26,1.0,1.0741193294525146,26,-1.0,1.0,0.0
183,1.0900790691375732,26,1.0,1.0900790691375732,26,-1.0,1.0,0.0
184,0.4247283935546875,10,-1.0,0.4247283935546875,10,1.0,0.0,0.0
185,1.7534711360931396,42,1.0,1.7543590068817139,42,-1.0,1.0,1.0
186,1.0905163288116455,26,1.0,1.091552495956421,26,-1.0,1.0,0.0
187,1.0730829238891602,26,-1.0,1.0730829238891602,26,1.0,0.0,1.0
188,1.8052513599395752,43,-1.0,1.8052513599395752,43,1.0,1.0,1.0
189,1.0884830951690674,26,1.0,1.0884830951690674,26,-1.0,1.0,0.0
190,1.751744031906128,42,1.0,1.751744031906128,42,-1.0,1.0,1.0
191,1.0702967643737793,26,1.0,1.0702967643737793,26,-1.0,1.0,0.0
192,1.087343454360962,26,1.0,1.0883407592773438,26,-1.0,1.0,0.0
193,1.789670467376709,43,1.0,1.7906649112701416,43,-1.0,1.0,1.0
194,1.80647873878479,43,-1.0,1.807476282119751,43,1.0,1.0,1.0
195,1.0920324325561523,26,-1.0,1.094024658203125,26,1.0,0.0,1.0
196,2.4341421127319336,59,1.0,2.4341421127319336,59,-1.0,2.0,1.0
197,1.5827925205230713,38,1.0,1.5837883949279785,38,-1.0,1.0,1.0
198,1.090357780456543,26,-1.0,1.090357780456543,26,1.0,0.0,1.0
199,1.0740134716033936,26,1.0,1.0740134716033936,26,-1.0,1.0,0.0
200,1.1028199195861816,30,-1.0,1.1038177013397217,30,1.0,0.0,1.0
201,0.4088413715362549,12,-1.0,0.4088413715362549,12,1.0,0.0,0.0
202,0.3923802375793457,12,-1.0,0.3923802375793457,12,1.0,0.0,0.0
203,0.39446330070495605,12,-1.0,0.3953545093536377,12,1.0,0.0,0.0
204,0.40732717514038086,12,-1.0,0.40832090377807617,12,1.0,0.0,0.0
205,0.3915538787841797,12,-1.0,0.3915538787841797,12,1.0,0.0,0.0
206,0.4081747531890869,12,1.0,0.4081747531890869,12,-1.0,0.0,0.0
207,0.39190220832824707,12,-1.0,0.39190220832824707,12,1.0,0.0,0.0
208,0.411893367767334,12,1.0,0.411893367767334,12,-1.0,0.0,0.0
209,0.3963453769683838,12,1.0,0.3963453769683838,12,-1.0,0.0,0.0
210,0.3928699493408203,12,1.0,0.393862247467041,12,-1.0,0.0,0.0
211,0.4100532531738281,12,-1.0,0.41104674339294434,12,1.0,0.0,0.0
212,0.39269137382507324,12,-1.0,0.3936879634857178,12,1.0,0.0,0.0
213,0.4018855094909668,12,1.0,0.40288352966308594,12,-1.0,0.0,0.0
214,0.39107847213745117,12,-1.0,0.3919713497161865,12,1.0,0.0,0.0
215,0.4079713821411133,12,-1.0,0.4079713821411133,12,1.0,0.0,0.0
216,0.3942441940307617,12,1.0,0.39523744583129883,12,-1.0,0.0,0.0
217,0.40851759910583496,12,-1.0,0.409487247467041,12,1.0,0.0,0.0
218,0.39010047912597656,12,1.0,0.39109325408935547,12,-1.0,0.0,0.0
219,0.41353893280029297,12,1.0,0.4145362377166748,12,-1.0,0.0,0.0
220,1.75386643409729,53,1.0,1.75386643409729,53,-1.0,1.0,1.0
221,1.1083564758300781,33,1.0,1.1093535423278809,33,-1.0,1.0,0.0
222,1.0697484016418457,32,1.0,1.0687503814697266,32,-1.0,1.0,0.0
223,1.08888840675354,33,1.0,1.08888840675354,33,-1.0,1.0,0.0
224,0.40868425369262695,12,1.0,0.40868425369262695,12,-1.0,0.0,0.0
225,1.0899181365966797,33,1.0,1.0899181365966797,33,-1.0,1.0,0.0
226,1.7723267078399658,53,-1.0,1.7733194828033447,53,1.0,1.0,1.0
227,1.091054916381836,33,-1.0,1.0920534133911133,33,1.0,0.0,1.0
228,1.1086952686309814,33,1.0,1.109691858291626,33,-1.0,1.0,0.0
229,0.39422059059143066,12,-1.0,0.39422059059143066,12,1.0,0.0,0.0
230,1.1089353561401367,33,-1.0,1.109931468963623,33,1.0,0.0,1.0
231,0.39156532287597656,12,1.0,0.3925590515136719,12,-1.0,0.0,0.0
232,1.7721798419952393,53,1.0,1.773176670074463,53,-1.0,1.0,1.0
233,0.39252424240112305,12,1.0,0.39452052116394043,12,-1.0,0.0,0.0
234,1.0722050666809082,32,1.0,1.0722050666809082,32,-1.0,1.0,0.0
235,1.104405164718628,33,-1.0,1.1054024696350098,33,1.0,0.0,1.0
236,1.7528271675109863,53,-1.0,1.7538042068481445,53,1.0,1.0,1.0
237,1.770003080368042,53,1.0,1.770995855331421,53,-1.0,1.0,1.0
238,0.3980436325073242,12,-1.0,0.3980436325073242,12,1.0,0.0,0.0
239,0.41145849227905273,12,1.0,0.41245532035827637,12,-1.0,0.0,0.0
240,0.42520618438720703,13,1.0,0.42619991302490234,13,-1.0,0.0,1.0
241,0.4078700542449951,12,-1.0,0.40886735916137695,12,1.0,0.0,0.0
242,0.39296841621398926,12,1.0,0.39296841621398926,12,-1.0,0.0,0.0
243,1.7678375244140625,53,1.0,1.7688345909118652,53,-1.0,1.0,1.0
244,0.39116811752319336,12,1.0,0.3921666145324707,12,-1.0,0.0,0.0
245,0.40931105613708496,12,1.0,0.41030406951904297,12,-1.0,0.0,0.0
246,5.1586198806762695,155,1.0,5.1586198806762695,155,-1.0,1.0,3.0
247,1.772282361984253,53,-1.0,1.772282361984253,53,1.0,1.0,1.0
248,1.7552878856658936,53,-1.0,1.7552878856658936,53,1.0,1.0,1.0
249,0.41203999519348145,12,1.0,0.41203999519348145,12,-1.0,0.0,0.0
250,0.39258384704589844,12,1.0,0.39258384704589844,12,-1.0,0.0,0.0
251,0.40806102752685547,12,1.0,0.40806102752685547,12,-1.0,0.0,0.0
252,0.39118361473083496,12,-1.0,0.39118361473083496,12,1.0,0.0,0.0
253,0.4078402519226074,12,-1.0,0.4088132381439209,12,1.0,0.0,0.0
254,0.3913459777832031,12,1.0,0.392317533493042,12,-1.0,0.0,0.0
255,0.40773797035217285,12,-1.0,0.4087235927581787,12,1.0,0.0,0.0
256,0.3909323215484619,12,1.0,0.39193010330200195,12,-1.0,0.0,0.0
257,0.40831828117370605,12,1.0,0.40831828117370605,12,-1.0,0.0,0.0
258,0.40922021865844727,12,1.0,0.41021728515625,12,-1.0,0.0,0.0
259,1.1035172939300537,33,-1.0,1.1044878959655762,33,1.0,0.0,1.0
260,0.39109373092651367,12,1.0,0.3920905590057373,12,-1.0,0.0,0.0
261,0.41132116317749023,12,-1.0,0.41231656074523926,12,1.0,0.0,0.0
262,0.390932559967041,12,-1.0,0.3919250965118408,12,1.0,0.0,0.0
263,1.7691278457641602,53,1.0,1.7690353393554688,53,-1.0,1.0,1.0
264,0.39225029945373535,12,1.0,0.39313554763793945,12,-1.0,0.0,0.0
265,0.40789008140563965,12,-1.0,0.40888237953186035,12,1.0,0.0,0.0
266,0.39362597465515137,12,1.0,0.39362597465515137,12,-1.0,0.0,0.0
267,1.1053698062896729,33,-1.0,1.1063623428344727,33,1.0,0.0,1.0
268,1.081500768661499,33,1.0,1.081500768661499,33,-1.0,1.0,0.0
269,0.40885305404663086,12,1.0,0.40885305404663086,12,-1.0,0.0,0.0
270,0.39026784896850586,12,-1.0,0.3911607265472412,12,1.0,0.0,0.0
271,0.41141676902770996,12,-1.0,0.4124140739440918,12,1.0,0.0,0.0
272,1.0593194961547852,32,-1.0,1.0603129863739014,32,1.0,0.0,1.0
273,4.037597179412842,121,-1.0,4.037597179412842,121,1.0,1.0,1.0
274,0.3925740718841553,12,-1.0,0.39347362518310547,12,1.0,0.0,0.0
275,1.0718584060668945,32,1.0,1.0718584060668945,32,-1.0,1.0,0.0
276,1.7696759700775146,53,1.0,1.7705633640289307,53,-1.0,1.0,1.0
277,1.091611623764038,33,1.0,1.091611623764038,33,-1.0,1.0,0.0
278,0.4073784351348877,12,-1.0,0.40834808349609375,12,1.0,0.0,0.0
279,0.39108729362487793,12,1.0,0.39108729362487793,12,-1.0,0.0,0.0
280,4.03635311126709,121,1.0,4.03635311126709,121,-1.0,1.0,1.0
281,0.4107382297515869,12,-1.0,0.41173791885375977,12,1.0,0.0,0.0
282,0.39221978187561035,12,-1.0,0.39321327209472656,12,1.0,0.0,0.0
283,0.39267992973327637,12,-1.0,0.39267992973327637,12,1.0,0.0,0.0
284,0.4097006320953369,12,1.0,0.4097006320953369,12,-1.0,0.0,0.0
285,0.3921024799346924,12,1.0,0.392991304397583,12,-1.0,0.0,0.0
286,0.4125087261199951,12,1.0,0.41350221633911133,12,-1.0,0.0,0.0
287,4.028367519378662,121,1.0,4.028367519378662,121,-1.0,1.0,1.0
288,0.39830756187438965,12,-1.0,0.3993039131164551,12,1.0,0.0,0.0
289,1.7718143463134766,53,1.0,1.772810935974121,53,-1.0,1.0,1.0
290,0.39296746253967285,12,-1.0,0.3939652442932129,12,1.0,0.0,0.0
291,0.41001343727111816,12,1.0,0.4110434055328369,12,-1.0,0.0,0.0
292,0.3932151794433594,12,-1.0,0.3932151794433594,12,1.0,0.0,0.0
293,0.40748095512390137,12,1.0,0.40748095512390137,12,-1.0,0.0,0.0
294,0.39701366424560547,12,1.0,0.3980119228363037,12,-1.0,0.0,0.0
295,0.39464354515075684,12,-1.0,0.39563584327697754,12,1.0,0.0,0.0
296,0.40798521041870117,12,1.0,0.4088735580444336,12,-1.0,0.0,0.0
297,0.39264822006225586,12,-1.0,0.39264822006225586,12,1.0,0.0,0.0
298,4.037858724594116,121,-1.0,4.0388569831848145,121,1.0,1.0,1.0
299,1.059368371963501,32,-1.0,1.0603630542755127,32,1.0,0.0,1.0
300,1.0740365982055664,32,-1.0,1.0750305652618408,32,1.0,0.0,1.0
301,0.392301082611084,12,-1.0,0.392301082611084,12,1.0,0.0,0.0
302,1.7744274139404297,53,-1.0,1.7744274139404297,53,1.0,1.0,1.0
303,1.7563714981079102,53,1.0,1.7563714981079102,53,-1.0,1.0,1.0
304,1.1086604595184326,33,-1.0,1.1086604595184326,33,1.0,0.0,1.0
305,1.1038875579833984,33,-1.0,1.1047749519348145,33,1.0,0.0,1.0
306,0.3962404727935791,12,1.0,0.39724063873291016,12,-1.0,0.0,0.0
307,0.3919665813446045,12,1.0,0.3919665813446045,12,-1.0,0.0,0.0
308,0.40874481201171875,12,1.0,0.40973854064941406,12,-1.0,0.0,0.0
309,0.3908505439758301,12,-1.0,0.3918440341949463,12,1.0,0.0,0.0
310,0.39341211318969727,12,-1.0,0.3944063186645508,12,1.0,0.0,0.0
311,1.1066739559173584,33,-1.0,1.1076722145080566,33,1.0,0.0,1.0
312,0.3919677734375,12,-1.0,0.3929615020751953,12,1.0,0.0,0.0
313,0.4077162742614746,12,1.0,0.4087395668029785,12,-1.0,0.0,0.0
314,0.39077281951904297,12,1.0,0.3917710781097412,12,-1.0,0.0,0.0
315,4.037436246871948,121,1.0,4.037436246871948,121,-1.0,1.0,1.0
316,1.774705171585083,53,1.0,1.7756056785583496,53,-1.0,1.0,1.0
317,0.39266371726989746,12,-1.0,0.39266371726989746,12,1.0,0.0,0.0
318,0.4084184169769287,12,-1.0,0.40931200981140137,12,1.0,0.0,0.0
319,0.40834999084472656,12,1.0,0.4093201160430908,12,-1.0,0.0,0.0
320,0.4000217914581299,12,-1.0,0.4010810852050781,12,1.0,0.0,0.0
321,0.4068915843963623,12,1.0,0.40788888931274414,12,-1.0,0.0,0.0
322,0.3928215503692627,12,-1.0,0.3938155174255371,12,1.0,0.0,0.0
323,0.393115758895874,12,-1.0,0.39407944679260254,12,1.0,0.0,0.0
324,2.349677324295044,70,1.0,2.350670576095581,70,-1.0,2.0,1.0
325,1.0735135078430176,32,1.0,1.0744843482971191,32,-1.0,1.0,0.0
326,1.1066465377807617,33,-1.0,1.1066465377807617,33,1.0,0.0,1.0
327,0.39167165756225586,12,-1.0,0.39167165756225586,12,1.0,0.0,0.0
328,1.1073532104492188,33,-1.0,1.1073532104492188,33,1.0,0.0,1.0
329,1.0920777320861816,33,1.0,1.0930709838867188,33,-1.0,1.0,0.0
330,0.4086596965789795,12,1.0,0.407698392868042,12,-1.0,0.0,0.0
331,1.0733826160430908,32,-1.0,1.0743796825408936,32,1.0,0.0,1.0
332,0.4086313247680664,12,1.0,0.4086313247680664,12,-1.0,0.0,0.0
333,4.020772218704224,121,-1.0,4.020772218704224,121,1.0,1.0,1.0
334,0.408872127532959,12,1.0,0.409759521484375,12,-1.0,0.0,0.0
335,1.7569353580474854,53,1.0,1.7579338550567627,53,-1.0,1.0,1.0
336,0.4111011028289795,12,1.0,0.4111011028289795,12,-1.0,0.0,0.0
337,0.39190077781677246,12,1.0,0.39190077781677246,12,-1.0,0.0,0.0
338,0.4088907241821289,12,1.0,0.40988898277282715,12,-1.0,0.0,0.0
339,1.0550518035888672,32,-1.0,1.0550518035888672,32,1.0,0.0,1.0
340,1.772611141204834,53,1.0,1.772611141204834,53,-1.0,1.0,1.0
341,0.3982222080230713,12,1.0,0.3982222080230713,12,-1.0,0.0,0.0
342,1.093057632446289,33,-1.0,1.093057632446289,33,1.0,0.0,1.0
343,0.41013097763061523,12,-1.0,0.41013097763061523,12,1.0,0.0,0.0
344,1.771592378616333,53,1.0,1.7725918292999268,53,-1.0,1.0,1.0
345,0.4075438976287842,12,-1.0,0.4076509475708008,12,1.0,0.0,0.0
346,0.39455509185791016,12,1.0,0.3955516815185547,12,-1.0,0.0,0.0
347,1.1037733554840088,33,-1.0,1.1046648025512695,33,1.0,0.0,1.0
348,1.7691388130187988,53,-1.0,1.7701342105865479,53,1.0,1.0,1.0
349,1.7696568965911865,53,1.0,1.7696568965911865,53,-1.0,1.0,1.0
350,0.39217543601989746,12,-1.0,0.39217543601989746,12,1.0,0.0,0.0
351,1.105989694595337,33,-1.0,1.1069824695587158,33,1.0,0.0,1.0
352,2.4563028812408447,74,-1.0,2.4571878910064697,74,1.0,1.0,2.0
353,1.7732162475585938,53,-1.0,1.7742230892181396,53,1.0,1.0,1.0
354,1.10455322265625,33,1.0,1.1055500507354736,33,-1.0,1.0,0.0
355,1.7545840740203857,53,1.0,1.7545840740203857,53,-1.0,1.0,1.0
356,0.4083080291748047,12,1.0,0.4092886447906494,12,-1.0,0.0,0.0
357,0.3910658359527588,12,-1.0,0.3920602798461914,12,1.0,0.0,0.0
358,1.7721848487854004,53,-1.0,1.7721848487854004,53,1.0,1.0,1.0
359,1.0721018314361572,32,-1.0,1.0721018314361572,32,1.0,0.0,1.0
360,0.3909754753112793,12,1.0,0.39197254180908203,12,-1.0,0.0,0.0
361,0.4089622497558594,12,1.0,0.4089622497558594,12,-1.0,0.0,0.0
362,0.3914926052093506,12,-1.0,0.3914926052093506,12,1.0,0.0,0.0
363,2.4702017307281494,74,-1.0,2.47109317779541,74,1.0,1.0,2.0
364,0.3935513496398926,12,1.0,0.3935513496398926,12,-1.0,0.0,0.0
365,1.7730379104614258,53,1.0,1.7740356922149658,53,-1.0,1.0,1.0
366,1.057363510131836,32,-1.0,1.0583598613739014,32,1.0,0.0,1.0
367,0.40818071365356445,12,1.0,0.40917468070983887,12,-1.0,0.0,0.0
368,0.39266276359558105,12,1.0,0.39266276359558105,12,-1.0,0.0,0.0
369,1.771895170211792,53,1.0,1.771895170211792,53,-1.0,1.0,1.0
370,0.39422059059143066,12,-1.0,0.39422059059143066,12,1.0,0.0,0.0
371,1.7698743343353271,53,1.0,1.770768165588379,53,-1.0,1.0,1.0
372,0.40943169593811035,12,-1.0,0.4104316234588623,12,1.0,0.0,0.0
373,0.39257264137268066,12,-1.0,0.3935706615447998,12,1.0,0.0,0.0
374,1.060119390487671,32,1.0,1.060119390487671,32,-1.0,1.0,0.0
375,0.4134562015533447,12,1.0,0.41445493698120117,12,-1.0,0.0,0.0
376,0.39099550247192383,12,1.0,0.39188218116760254,12,-1.0,0.0,0.0
377,0.4084646701812744,12,-1.0,0.40946173667907715,12,1.0,0.0,0.0
378,0.3929612636566162,12,-1.0,0.39385104179382324,12,1.0,0.0,0.0
379,0.391843318939209,12,-1.0,0.391843318939209,12,1.0,0.0,0.0
380,0.40808796882629395,12,1.0,0.40808796882629395,12,-1.0,0.0,0.0
381,1.767160415649414,53,-1.0,1.7681548595428467,53,1.0,1.0,1.0
382,0.39138364791870117,12,-1.0,0.3923776149749756,12,1.0,0.0,0.0
383,0.40839648246765137,12,-1.0,0.4093894958496094,12,1.0,0.0,0.0
384,1.7589752674102783,53,1.0,1.7589752674102783,53,-1.0,1.0,1.0
385,1.7664587497711182,53,-1.0,1.7674565315246582,53,1.0,1.0,1.0
386,2.4313740730285645,73,-1.0,2.432264566421509,73,1.0,1.0,2.0
387,0.39157891273498535,12,-1.0,0.3925755023956299,12,1.0,0.0,0.0
388,1.1056287288665771,33,-1.0,1.1056287288665771,33,1.0,0.0,1.0
389,3.0324015617370605,91,1.0,3.0324015617370605,91,-1.0,2.0,2.0
390,0.39480090141296387,12,1.0,0.39580488204956055,12,-1.0,0.0,0.0
391,0.4090116024017334,12,1.0,0.40990328788757324,12,-1.0,0.0,0.0
392,0.39241528511047363,12,1.0,0.39241528511047363,12,-1.0,0.0,0.0
393,1.1052522659301758,33,1.0,1.1062500476837158,33,-1.0,1.0,0.0
394,1.0888926982879639,33,-1.0,1.0888926982879639,33,1.0,0.0,1.0
395,1.1093647480010986,33,-1.0,1.1093647480010986,33,1.0,0.0,1.0
396,1.090092420578003,33,-1.0,1.090092420578003,33,1.0,0.0,1.0
397,1.1057696342468262,33,1.0,1.1067430973052979,33,-1.0,1.0,0.0
398,1.7712082862854004,53,-1.0,1.7712082862854004,53,1.0,1.0,1.0
399,0.39083218574523926,12,1.0,0.39083218574523926,12,-1.0,0.0,0.0
400,1.7691895961761475,53,1.0,1.7701876163482666,53,-1.0,1.0,1.0
401,1.0946447849273682,33,1.0,1.095642328262329,33,-1.0,1.0,0.0
402,1.106330394744873,33,1.0,1.1072263717651367,33,-1.0,1.0,0.0
403,1.0916380882263184,33,1.0,1.092611312866211,33,-1.0,1.0,0.0
404,1.7687904834747314,53,-1.0,1.7687904834747314,53,1.0,1.0,1.0
405,1.1067988872528076,33,1.0,1.1067988872528076,33,-1.0,1.0,0.0
406,1.756079912185669,53,1.0,1.756079912185669,53,-1.0,1.0,1.0
407,1.7691826820373535,53,1.0,1.7700746059417725,53,-1.0,1.0,1.0
408,3.442866563796997,103,-1.0,3.4437670707702637,103,1.0,2.0,2.0
409,0.3941354751586914,12,-1.0,0.3951396942138672,12,1.0,0.0,0.0
410,1.0728974342346191,32,1.0,1.0728974342346191,32,-1.0,1.0,0.0
411,1.0768177509307861,32,-1.0,1.077815055847168,32,1.0,0.0,1.0
412,0.3969569206237793,12,-1.0,0.3969569206237793,12,1.0,0.0,0.0
413,1.1112141609191895,33,-1.0,1.1112141609191895,33,1.0,0.0,1.0
414,0.39270758628845215,12,-1.0,0.39270758628845215,12,1.0,0.0,0.0
415,0.42786288261413574,13,-1.0,0.42874956130981445,13,1.0,1.0,0.0
416,1.770207166671753,53,1.0,1.770207166671753,53,-1.0,1.0,1.0
417,0.39513111114501953,12,-1.0,0.39513111114501953,12,1.0,0.0,0.0
418,0.40874719619750977,12,-1.0,0.4097459316253662,12,1.0,0.0,0.0
419,1.7535476684570312,53,-1.0,1.7545418739318848,53,1.0,1.0,1.0
420,1.1069557666778564,33,-1.0,1.1079490184783936,33,1.0,0.0,1.0
421,1.0914795398712158,33,-1.0,1.0914795398712158,33,1.0,0.0,1.0
422,1.7701082229614258,53,1.0,1.7709994316101074,53,-1.0,1.0,1.0
423,1.108339548110962,33,1.0,1.109325885772705,33,-1.0,1.0,0.0
424,1.0584425926208496,32,1.0,1.0593295097351074,32,-1.0,1.0,0.0
425,1.1067211627960205,33,1.0,1.1067211627960205,33,-1.0,1.0,0.0
426,1.7515413761138916,53,-1.0,1.7525348663330078,53,1.0,1.0,1.0
427,1.103959083557129,33,-1.0,1.1048600673675537,33,1.0,0.0,1.0
428,1.093949556350708,33,-1.0,1.0948576927185059,33,1.0,0.0,1.0
429,0.40879154205322266,12,-1.0,0.4096848964691162,12,1.0,0.0,0.0
430,1.7560186386108398,53,-1.0,1.7560186386108398,53,1.0,1.0,1.0
431,1.107602596282959,33,-1.0,1.107602596282959,33,1.0,0.0,1.0
432,1.0966920852661133,33,-1.0,1.0975852012634277,33,1.0,0.0,1.0
433,1.1060073375701904,33,-1.0,1.1060073375701904,33,1.0,0.0,1.0
434,1.092747449874878,33,-1.0,1.092747449874878,33,1.0,0.0,1.0
435,1.7710909843444824,53,1.0,1.7710909843444824,53,-1.0,1.0,1.0
436,1.7557170391082764,53,1.0,1.7567155361175537,53,-1.0,1.0,1.0
437,1.1073806285858154,33,-1.0,1.1073806285858154,33,1.0,0.0,1.0
438,0.3918733596801758,12,1.0,0.39287257194519043,12,-1.0,0.0,0.0
439,1.7655024528503418,53,1.0,1.7664954662322998,53,-1.0,1.0,1.0
440,1.1076350212097168,33,1.0,1.1085269451141357,33,-1.0,1.0,0.0
441,0.39271092414855957,12,-1.0,0.39271092414855957,12,1.0,0.0,0.0
442,1.1059067249298096,33,-1.0,1.1069002151489258,33,1.0,0.0,1.0
443,0.3917415142059326,12,1.0,0.3917415142059326,12,-1.0,0.0,0.0
444,1.1062395572662354,33,-1.0,1.1062395572662354,33,1.0,0.0,1.0
445,1.0914957523345947,33,1.0,1.0914957523345947,33,-1.0,1.0,0.0
446,1.768789291381836,53,1.0,1.768789291381836,53,-1.0,1.0,1.0
447,2.4671692848205566,74,-1.0,2.4681618213653564,74,1.0,1.0,2.0
448,1.105513572692871,33,1.0,1.1064116954803467,33,-1.0,1.0,0.0
449,0.3913228511810303,12,-1.0,0.3922147750854492,12,1.0,0.0,0.0
450,1.1001911163330078,33,1.0,1.1001911163330078,33,-1.0,1.0,0.0
451,1.0922343730926514,33,1.0,1.0922343730926514,33,-1.0,1.0,0.0
452,2.3486671447753906,70,1.0,2.3486671447753906,70,-1.0,2.0,1.0
453,0.39169883728027344,12,-1.0,0.39269304275512695,12,1.0,0.0,0.0
454,1.1064674854278564,33,-1.0,1.1064674854278564,33,1.0,0.0,1.0
455,0.39218950271606445,12,-1.0,0.39218950271606445,12,1.0,0.0,0.0
456,1.1065292358398438,33,1.0,1.1065292358398438,33,-1.0,1.0,0.0
457,1.7540979385375977,53,-1.0,1.7540979385375977,53,1.0,1.0,1.0
458,1.1051256656646729,33,-1.0,1.1051256656646729,33,1.0,0.0,1.0
459,1.0910398960113525,33,-1.0,1.0910398960113525,33,1.0,0.0,1.0
460,0.41153573989868164,12,-1.0,0.410538911819458,12,1.0,0.0,0.0
461,0.3915548324584961,12,1.0,0.39251255989074707,12,-1.0,0.0,0.0
462,1.770000696182251,53,-1.0,1.7690229415893555,53,1.0,1.0,1.0
463,2.9669737815856934,89,-1.0,2.9669737815856934,89,1.0,0.0,1.0
464,1.7687110900878906,53,-1.0,1.7687110900878906,53,1.0,1.0,1.0
465,1.7538838386535645,53,-1.0,1.7538838386535645,53,1.0,1.0,1.0
466,1.10990309715271,33,1.0,1.110804557800293,33,-1.0,1.0,0.0
467,2.1263649463653564,64,-1.0,2.1263649463653564,64,1.0,1.0,2.0
468,1.1077330112457275,33,-1.0,1.1077330112457275,33,1.0,0.0,1.0
469,1.754493236541748,53,1.0,1.754493236541748,53,-1.0,1.0,1.0
470,1.4662225246429443,44,1.0,1.465238332748413,44,-1.0,1.0,1.0
471,1.7590630054473877,53,-1.0,1.7590630054473877,53,1.0,1.0,1.0
472,1.7747118473052979,53,-1.0,1.775710105895996,53,1.0,1.0,1.0
473,1.7543671131134033,53,1.0,1.7552874088287354,53,-1.0,1.0,1.0
474,1.7797918319702148,53,1.0,1.780785322189331,53,-1.0,1.0,1.0
475,1.0894079208374023,33,-1.0,1.0903000831604004,33,1.0,0.0,1.0
476,1.7728590965270996,53,-1.0,1.7737581729888916,53,1.0,1.0,1.0
477,1.7696161270141602,53,-1.0,1.770613431930542,53,1.0,1.0,1.0
478,1.072680950164795,32,-1.0,1.0736732482910156,32,1.0,0.0,1.0
479,1.7698757648468018,53,-1.0,1.7698757648468018,53,1.0,1.0,1.0
480,0.39429688453674316,12,-1.0,0.39429688453674316,12,1.0,0.0,0.0
481,1.1106007099151611,33,-1.0,1.1106007099151611,33,1.0,0.0,1.0
482,1.7548763751983643,53,1.0,1.7557756900787354,53,-1.0,1.0,1.0
483,1.112696647644043,33,-1.0,1.1136906147003174,33,1.0,0.0,1.0
484,1.074385404586792,32,-1.0,1.074385404586792,32,1.0,0.0,1.0
485,1.1056971549987793,33,-1.0,1.1066899299621582,33,1.0,0.0,1.0
486,0.39497947692871094,12,-1.0,0.39597082138061523,12,1.0,0.0,0.0
487,0.4287395477294922,13,-1.0,0.4297332763671875,13,1.0,1.0,0.0
488,0.40882253646850586,12,-1.0,0.40981531143188477,12,1.0,0.0,0.0
489,1.0880444049835205,33,1.0,1.0880444049835205,33,-1.0,1.0,0.0
490,1.1047964096069336,33,-1.0,1.105790615081787,33,1.0,0.0,1.0
491,1.105726718902588,33,1.0,1.106689453125,33,-1.0,1.0,0.0
492,1.7684249877929688,53,-1.0,1.7684249877929688,53,1.0,1.0,1.0
493,1.074599266052246,32,1.0,1.074599266052246,32,-1.0,1.0,0.0
494,0.39673709869384766,12,1.0,0.39673709869384766,12,-1.0,0.0,0.0
495,0.4089086055755615,12,-1.0,0.4089086055755615,12,1.0,0.0,0.0
496,1.7569403648376465,53,1.0,1.7569403648376465,53,-1.0,1.0,1.0
497,1.7746829986572266,53,-1.0,1.775676965713501,53,1.0,1.0,1.0
498,0.3963649272918701,12,1.0,0.39735841751098633,12,-1.0,0.0,0.0
499,1.7684903144836426,53,1.0,1.7693889141082764,53,-1.0,1.0,1.0
500,1.0890047550201416,33,-1.0,1.0899975299835205,33,1.0,0.0,1.0
501,1.7687628269195557,53,1.0,1.7697553634643555,53,-1.0,1.0,1.0
502,1.110004186630249,32,1.0,1.1109967231750488,32,-1.0,1.0,0.0
503,1.0907261371612549,33,1.0,1.0907261371612549,33,-1.0,1.0,0.0
504,0.396867036819458,12,1.0,0.396867036819458,12,-1.0,0.0,0.0
505,1.1069529056549072,33,1.0,1.1078474521636963,33,-1.0,1.0,0.0
506,1.091508388519287,33,-1.0,1.091508388519287,33,1.0,0.0,1.0
507,1.7697336673736572,53,1.0,1.7697336673736572,53,-1.0,1.0,1.0
508,1.768280267715454,53,1.0,1.768280267715454,53,-1.0,1.0,1.0
509,1.0887854099273682,33,-1.0,1.0896785259246826,33,1.0,0.0,1.0
510,1.7690112590789795,53,1.0,1.7690112590789795,53,-1.0,1.0,1.0
511,1.1097044944763184,33,1.0,1.1097044944763184,33,-1.0,1.0,0.0
512,1.7608981132507324,53,-1.0,1.7618908882141113,53,1.0,1.0,1.0
513,1.1081047058105469,33,1.0,1.1081047058105469,33,-1.0,1.0,0.0
514,1.090968370437622,33,1.0,1.0919623374938965,33,-1.0,1.0,0.0
515,1.1046948432922363,33,-1.0,1.1056921482086182,33,1.0,0.0,1.0
516,1.088794231414795,33,-1.0,1.088794231414795,33,1.0,0.0,1.0
517,0.40871167182922363,12,1.0,0.4097096920013428,12,-1.0,0.0,0.0
518,1.7687163352966309,53,1.0,1.7687163352966309,53,-1.0,1.0,1.0
519,1.0873451232910156,33,-1.0,1.088338851928711,33,1.0,0.0,1.0
520,1.7670488357543945,53,-1.0,1.7670488357543945,53,1.0,1.0,1.0
521,2.4806199073791504,74,-1.0,2.4816091060638428,74,1.0,1.0,2.0
522,1.087369680404663,33,1.0,1.088367223739624,33,-1.0,1.0,0.0
523,0.40932226181030273,12,-1.0,0.40973997116088867,12,1.0,0.0,0.0
524,1.091433048248291,33,1.0,1.091433048248291,33,-1.0,1.0,0.0
525,3.5376298427581787,106,-1.0,3.5386269092559814,106,1.0,1.0,2.0
526,1.1021366119384766,33,-1.0,1.1021316051483154,33,1.0,0.0,1.0
527,0.3918168544769287,12,-1.0,0.3918168544769287,12,1.0,0.0,0.0
528,1.1053729057312012,33,1.0,1.1053729057312012,33,-1.0,1.0,0.0
529,0.4268820285797119,13,1.0,0.4268820285797119,13,-1.0,0.0,1.0
530,1.7714476585388184,53,-1.0,1.7724406719207764,53,1.0,1.0,1.0
531,1.1052436828613281,33,1.0,1.106236219406128,33,-1.0,1.0,0.0
532,0.3951845169067383,12,-1.0,0.3951845169067383,12,1.0,0.0,0.0
533,1.1052289009094238,33,1.0,1.1062216758728027,33,-1.0,1.0,0.0
534,1.0904245376586914,33,1.0,1.0904245376586914,33,-1.0,1.0,0.0
535,1.7718923091888428,53,1.0,1.7729053497314453,53,-1.0,1.0,1.0
536,1.7705366611480713,53,1.0,1.7705366611480713,53,-1.0,1.0,1.0
537,0.42383313179016113,13,-1.0,0.42483091354370117,13,1.0,1.0,0.0
538,0.4089164733886719,12,1.0,0.4089164733886719,12,-1.0,0.0,0.0
539,1.770113468170166,53,1.0,1.770113468170166,53,-1.0,1.0,1.0
540,0.39302730560302734,12,-1.0,0.39302730560302734,12,1.0,0.0,0.0
541,0.40618300437927246,12,1.0,0.40618300437927246,12,-1.0,0.0,0.0
542,0.3917698860168457,12,1.0,0.3917698860168457,12,-1.0,0.0,0.0
543,1.76959228515625,53,1.0,1.76959228515625,53,-1.0,1.0,1.0
544,1.7025418281555176,51,1.0,1.7025418281555176,51,-1.0,1.0,1.0
545,1.1044950485229492,33,1.0,1.1044950485229492,33,-1.0,1.0,0.0
546,1.0902283191680908,33,-1.0,1.0902283191680908,33,1.0,0.0,1.0
547,1.107175350189209,33,-1.0,1.1081690788269043,33,1.0,0.0,1.0
548,1.0897984504699707,33,-1.0,1.0897984504699707,33,1.0,0.0,1.0
549,1.1068427562713623,33,1.0,1.1068427562713623,33,-1.0,1.0,0.0
550,1.771697998046875,53,-1.0,1.7726945877075195,53,1.0,1.0,1.0
551,0.3958897590637207,12,1.0,0.39690065383911133,12,-1.0,0.0,0.0
552,1.7682840824127197,53,1.0,1.7682840824127197,53,-1.0,1.0,1.0
553,1.10435152053833,33,1.0,1.10435152053833,33,-1.0,1.0,0.0
554,1.7692840099334717,53,1.0,1.7692840099334717,53,-1.0,1.0,1.0
555,1.0890462398529053,33,1.0,1.0900397300720215,33,-1.0,1.0,0.0
556,1.7798151969909668,53,-1.0,1.7808117866516113,53,1.0,1.0,1.0
557,1.0552456378936768,32,1.0,1.0552456378936768,32,-1.0,1.0,0.0
558,1.105496883392334,33,-1.0,1.105496883392334,33,1.0,0.0,1.0
559,0.408616304397583,12,-1.0,0.408616304397583,12,1.0,0.0,0.0
560,1.0721492767333984,32,-1.0,1.0721492767333984,32,1.0,0.0,1.0
561,1.768507957458496,53,-1.0,1.769500970840454,53,1.0,1.0,1.0
562,1.7704968452453613,53,1.0,1.7704968452453613,53,-1.0,1.0,1.0
563,1.772571086883545,53,-1.0,1.7736046314239502,53,1.0,1.0,1.0
564,1.0537195205688477,32,1.0,1.054713487625122,32,-1.0,1.0,0.0
565,1.1101675033569336,33,1.0,1.1111657619476318,33,-1.0,1.0,0.0
566,1.0582334995269775,32,-1.0,1.0582334995269775,32,1.0,0.0,1.0
567,1.1065011024475098,33,1.0,1.1065011024475098,33,-1.0,1.0,0.0
568,1.7694571018218994,53,1.0,1.7694571018218994,53,-1.0,1.0,1.0
569,1.0886728763580322,33,1.0,1.0886728763580322,33,-1.0,1.0,0.0
570,1.1081042289733887,33,-1.0,1.1081042289733887,33,1.0,0.0,1.0
571,1.7712781429290771,53,1.0,1.7712781429290771,53,-1.0,1.0,1.0
572,1.0881683826446533,33,1.0,1.0881683826446533,33,-1.0,1.0,0.0
573,1.7745893001556396,53,-1.0,1.7745893001556396,53,1.0,1.0,1.0
574,0.39253950119018555,12,1.0,0.39253950119018555,12,-1.0,0.0,0.0
575,1.769416332244873,53,-1.0,1.770308017730713,53,1.0,1.0,1.0
576,1.1087403297424316,33,1.0,1.1097338199615479,33,-1.0,1.0,0.0
577,1.1049363613128662,33,-1.0,1.1049363613128662,33,1.0,0.0,1.0
578,1.7710158824920654,53,-1.0,1.7710158824920654,53,1.0,1.0,1.0
579,1.771662712097168,53,1.0,1.7726564407348633,53,-1.0,1.0,1.0
580,1.0909674167633057,33,-1.0,1.0909674167633057,33,1.0,0.0,1.0
581,1.1059982776641846,33,1.0,1.1059982776641846,33,-1.0,1.0,0.0
582,1.1049926280975342,33,1.0,1.1059856414794922,33,-1.0,1.0,0.0
583,0.4087700843811035,12,1.0,0.40976929664611816,12,-1.0,0.0,0.0
584,1.7664849758148193,53,1.0,1.7674810886383057,53,-1.0,1.0,1.0
585,1.1051011085510254,33,1.0,1.1051011085510254,33,-1.0,1.0,0.0
586,1.0705907344818115,32,1.0,1.0715880393981934,32,-1.0,1.0,0.0
587,1.7668578624725342,53,1.0,1.7678508758544922,53,-1.0,1.0,1.0
588,1.1078903675079346,33,-1.0,1.1088876724243164,33,1.0,0.0,1.0
589,1.0535731315612793,32,1.0,1.0545704364776611,32,-1.0,1.0,0.0
590,0.40743422508239746,12,-1.0,0.40842771530151367,12,1.0,0.0,0.0
591,1.7694296836853027,53,1.0,1.7704222202301025,53,-1.0,1.0,1.0
592,1.5984687805175781,48,1.0,1.599461555480957,48,-1.0,1.0,1.0
593,1.0895681381225586,33,1.0,1.0895681381225586,33,-1.0,1.0,0.0
594,0.40868067741394043,12,1.0,0.40868067741394043,12,-1.0,0.0,0.0
595,1.7701623439788818,53,-1.0,1.7701623439788818,53,1.0,1.0,1.0
596,1.0953683853149414,33,-1.0,1.0963661670684814,33,1.0,0.0,1.0
597,1.0693769454956055,32,1.0,1.0702779293060303,32,-1.0,1.0,0.0
598,1.7737221717834473,53,1.0,1.7737221717834473,53,-1.0,1.0,1.0
599,1.6040682792663574,48,-1.0,1.6040682792663574,48,1.0,1.0,1.0
600,1.7726819515228271,53,-1.0,1.7726819515228271,53,1.0,1.0,1.0
601,1.700852394104004,51,1.0,1.7018470764160156,51,-1.0,1.0,1.0
602,1.7030327320098877,51,1.0,1.704031229019165,51,-1.0,1.0,1.0
603,1.7530326843261719,53,1.0,1.7530326843261719,53,-1.0,1.0,1.0
604,1.7668733596801758,53,-1.0,1.7678561210632324,53,1.0,1.0,1.0
605,1.104823112487793,33,-1.0,1.104823112487793,33,1.0,0.0,1.0
606,1.7669193744659424,53,-1.0,1.7669193744659424,53,1.0,1.0,1.0
607,0.4074397087097168,12,1.0,0.4084334373474121,12,-1.0,0.0,0.0
608,0.3928251266479492,12,1.0,0.3928251266479492,12,-1.0,0.0,0.0
609,1.1051602363586426,33,-1.0,1.1061530113220215,33,1.0,0.0,1.0
610,1.7681884765625,53,-1.0,1.769181251525879,53,1.0,1.0,1.0
611,0.3919825553894043,12,1.0,0.3919825553894043,12,-1.0,0.0,0.0
612,1.1048693656921387,33,1.0,1.1058666706085205,33,-1.0,1.0,0.0
613,1.0931637287139893,33,-1.0,1.0941572189331055,33,1.0,0.0,1.0
614,2.7070231437683105,81,1.0,2.7070231437683105,81,-1.0,2.0,2.0
615,1.7579028606414795,53,-1.0,1.758901834487915,53,1.0,1.0,1.0
616,1.0758893489837646,32,-1.0,1.0758893489837646,32,1.0,0.0,1.0
617,1.7566730976104736,53,1.0,1.7566730976104736,53,-1.0,1.0,1.0
618,1.7714896202087402,53,1.0,1.7724833488464355,53,-1.0,1.0,1.0
619,1.7700097560882568,53,-1.0,1.7708978652954102,53,1.0,1.0,1.0
620,1.7556617259979248,53,1.0,1.7556617259979248,53,-1.0,1.0,1.0
621,1.769362211227417,53,-1.0,1.770256519317627,53,1.0,1.0,1.0
622,2.1295206546783447,64,-1.0,2.1295206546783447,64,1.0,1.0,2.0
623,1.1075913906097412,33,-1.0,1.1075913906097412,33,1.0,0.0,1.0
624,1.087437391281128,33,1.0,1.087437391281128,33,-1.0,1.0,0.0
625,1.7729694843292236,53,1.0,1.7729694843292236,53,-1.0,1.0,1.0
626,1.097083568572998,33,-1.0,1.097083568572998,33,1.0,0.0,1.0
627,1.7711341381072998,53,1.0,1.7711341381072998,53,-1.0,1.0,1.0
628,1.7728092670440674,53,-1.0,1.7737324237823486,53,1.0,1.0,1.0
629,1.774353265762329,53,1.0,1.7753474712371826,53,-1.0,1.0,1.0
630,1.766706943511963,53,1.0,1.7675940990447998,53,-1.0,1.0,1.0
631,1.104583740234375,33,-1.0,1.104583740234375,33,1.0,0.0,1.0
632,0.3934178352355957,12,1.0,0.39441418647766113,12,-1.0,0.0,0.0
633,0.41133832931518555,12,-1.0,0.41233277320861816,12,1.0,0.0,0.0
634,0.40851783752441406,12,1.0,0.4094095230102539,12,-1.0,0.0,0.0
635,1.7711877822875977,53,1.0,1.7720787525177002,53,-1.0,1.0,1.0
636,0.3913123607635498,12,-1.0,0.3923056125640869,12,1.0,0.0,0.0
637,0.39212465286254883,12,1.0,0.39212465286254883,12,-1.0,0.0,0.0
638,0.4111344814300537,12,-1.0,0.41213059425354004,12,1.0,0.0,0.0
639,0.4307892322540283,13,-1.0,0.4316842555999756,13,1.0,1.0,0.0
640,1.7730395793914795,53,-1.0,1.7730395793914795,53,1.0,1.0,1.0
641,1.0745038986206055,32,1.0,1.0753939151763916,32,-1.0,1.0,0.0
642,1.0943002700805664,33,-1.0,1.095292568206787,33,1.0,0.0,1.0
643,1.7715113162994385,53,-1.0,1.7715113162994385,53,1.0,1.0,1.0
644,1.7710952758789062,53,1.0,1.7710952758789062,53,-1.0,1.0,1.0
645,1.1051154136657715,33,1.0,1.1060166358947754,33,-1.0,1.0,0.0
646,1.0889878273010254,33,-1.0,1.0898900032043457,33,1.0,0.0,1.0
647,1.7690041065216064,53,1.0,1.7699003219604492,53,-1.0,1.0,1.0
648,1.6031873226165771,48,1.0,1.6041789054870605,48,-1.0,1.0,1.0
649,1.4711940288543701,37,1.0,1.4702045917510986,37,-1.0,1.0,1.0
650,0.42977285385131836,10,1.0,0.43181586265563965,10,-1.0,0.0,0.0
651,0.4099137783050537,10,1.0,0.41091370582580566,10,-1.0,0.0,0.0
652,1.0885002613067627,26,-1.0,1.0894732475280762,26,1.0,0.0,1.0
653,1.0717401504516602,26,-1.0,1.072732925415039,26,1.0,0.0,1.0
654,1.088937759399414,26,-1.0,1.0898313522338867,26,1.0,0.0,1.0
655,0.40973806381225586,10,1.0,0.4107365608215332,10,-1.0,0.0,0.0
656,1.0830612182617188,26,-1.0,1.0840539932250977,26,1.0,0.0,1.0
657,1.0919418334960938,26,1.0,1.0929300785064697,26,-1.0,1.0,0.0
658,1.0949151515960693,26,-1.0,1.0959131717681885,26,1.0,0.0,1.0
659,1.0841515064239502,26,1.0,1.0841515064239502,26,-1.0,1.0,0.0
660,1.7538974285125732,42,-1.0,1.7538974285125732,42,1.0,1.0,1.0
661,1.089660406112671,26,1.0,1.090637445449829,26,-1.0,1.0,0.0
662,0.4072835445404053,10,1.0,0.4082763195037842,10,-1.0,0.0,1.0
663,1.0896131992340088,26,-1.0,1.0905027389526367,26,1.0,0.0,1.0
664,1.0720291137695312,26,-1.0,1.073021650314331,26,1.0,0.0,1.0
665,0.4260091781616211,10,1.0,0.4270021915435791,10,-1.0,0.0,0.0
666,0.40927672386169434,10,1.0,0.41027307510375977,10,-1.0,0.0,0.0
667,1.0908937454223633,26,1.0,1.0908937454223633,26,-1.0,1.0,0.0
668,1.7487313747406006,42,-1.0,1.7497286796569824,42,1.0,1.0,1.0
669,1.0744028091430664,26,1.0,1.0753965377807617,26,-1.0,1.0,0.0
670,1.744072675704956,42,-1.0,1.7450695037841797,42,1.0,1.0,1.0
671,1.0898802280426025,26,-1.0,1.0908746719360352,26,1.0,0.0,1.0
672,1.7541470527648926,42,1.0,1.7551443576812744,42,-1.0,1.0,1.0
673,1.0730552673339844,26,1.0,1.0740535259246826,26,-1.0,1.0,0.0
674,0.42470479011535645,10,1.0,0.42470479011535645,10,-1.0,0.0,0.0
675,0.4612877368927002,11,-1.0,0.4612877368927002,11,1.0,1.0,0.0
676,1.073324203491211,26,1.0,1.0723271369934082,26,-1.0,1.0,0.0
677,0.4258401393890381,10,-1.0,0.42681384086608887,10,1.0,0.0,0.0
678,1.0898663997650146,26,-1.0,1.0898663997650146,26,1.0,0.0,1.0
679,1.0902884006500244,26,-1.0,1.0902884006500244,26,1.0,0.0,1.0
680,1.0906379222869873,26,-1.0,1.0916340351104736,26,1.0,0.0,1.0
681,1.7457242012023926,42,-1.0,1.746720552444458,42,1.0,2.0,1.0
682,1.0886507034301758,26,1.0,1.0886507034301758,26,-1.0,1.0,0.0
683,0.42603111267089844,10,-1.0,0.42603111267089844,10,1.0,0.0,0.0
684,1.0902915000915527,26,1.0,1.091282606124878,26,-1.0,1.0,0.0
685,1.0889899730682373,26,-1.0,1.0889899730682373,26,1.0,0.0,1.0
686,1.8069639205932617,43,1.0,1.8069639205932617,43,-1.0,1.0,1.0
687,1.0731608867645264,26,1.0,1.0741784572601318,26,-1.0,1.0,0.0
688,0.42487263679504395,10,-1.0,0.42487263679504395,10,1.0,0.0,0.0
689,1.7879180908203125,43,-1.0,1.7889151573181152,43,1.0,1.0,1.0
690,1.8123400211334229,43,-1.0,1.8133320808410645,43,1.0,1.0,1.0
691,1.072296380996704,26,1.0,1.0732905864715576,26,-1.0,1.0,0.0
692,0.425966739654541,10,1.0,0.4269602298736572,10,-1.0,0.0,0.0
693,1.075427532196045,26,-1.0,1.0764296054840088,26,1.0,0.0,1.0
694,1.0908019542694092,26,1.0,1.0917949676513672,26,-1.0,1.0,0.0
695,1.0715723037719727,26,-1.0,1.0715723037719727,26,1.0,0.0,1.0
696,1.0886332988739014,26,-1.0,1.0886332988739014,26,1.0,0.0,1.0
697,1.0878345966339111,26,1.0,1.0888278484344482,26,-1.0,1.0,0.0
698,0.41244935989379883,10,-1.0,0.41244935989379883,10,1.0,0.0,0.0
699,1.0894947052001953,26,-1.0,1.0894947052001953,26,1.0,0.0,1.0
700,1.0872414112091064,26,1.0,1.0882389545440674,26,-1.0,1.0,0.0
701,1.0879111289978027,26,-1.0,1.0889084339141846,26,1.0,0.0,1.0
702,0.4069540500640869,10,1.0,0.40795207023620605,10,-1.0,0.0,0.0
703,1.4789741039276123,35,1.0,1.4799680709838867,35,-1.0,1.0,1.0
704,1.0713882446289062,26,1.0,1.0713882446289062,26,-1.0,1.0,0.0
705,0.4243786334991455,10,1.0,0.4253697395324707,10,-1.0,0.0,0.0
706,1.087446689605713,26,1.0,1.0884437561035156,26,-1.0,1.0,0.0
707,1.0855135917663574,26,-1.0,1.0865099430084229,26,1.0,0.0,1.0
708,1.0889368057250977,26,1.0,1.0889368057250977,26,-1.0,1.0,0.0
709,0.40796470642089844,10,-1.0,0.40796470642089844,10,1.0,0.0,0.0
710,2.468153715133667,59,-1.0,2.4691522121429443,59,1.0,1.0,2.0
711,1.0873944759368896,26,-1.0,1.0883922576904297,26,1.0,0.0,1.0
712,0.4242534637451172,10,-1.0,0.4242534637451172,10,1.0,0.0,0.0
713,1.0692737102508545,26,1.0,1.0692737102508545,26,-1.0,1.0,0.0
714,0.42667698860168457,10,1.0,0.42667698860168457,10,-1.0,0.0,0.0
715,1.0887744426727295,26,-1.0,1.0887744426727295,26,1.0,0.0,1.0
716,0.40773630142211914,10,1.0,0.4086287021636963,10,-1.0,0.0,0.0
717,1.4599590301513672,35,1.0,1.4609529972076416,35,-1.0,1.0,1.0
718,0.42527341842651367,10,1.0,0.426267147064209,10,-1.0,0.0,0.0
719,1.08734130859375,26,-1.0,1.0883331298828125,26,1.0,0.0,1.0
720,1.070263147354126,26,-1.0,1.070263147354126,26,1.0,0.0,1.0
721,1.7485911846160889,42,-1.0,1.7495839595794678,42,1.0,1.0,1.0
722,0.42659687995910645,10,1.0,0.4275949001312256,10,-1.0,0.0,0.0
723,0.4073336124420166,10,-1.0,0.40833139419555664,10,1.0,0.0,0.0
724,1.4796314239501953,35,-1.0,1.4806287288665771,35,1.0,1.0,1.0
725,1.0910909175872803,26,-1.0,1.0920825004577637,26,1.0,0.0,1.0
726,1.462780237197876,35,1.0,1.462780237197876,35,-1.0,1.0,1.0
727,1.8030998706817627,43,1.0,1.8040921688079834,43,-1.0,1.0,1.0
728,1.090585708618164,26,-1.0,1.0915796756744385,26,1.0,0.0,1.0
729,0.40891408920288086,10,1.0,0.4099125862121582,10,-1.0,0.0,0.0
730,1.0868141651153564,26,1.0,1.0878069400787354,26,-1.0,1.0,0.0
731,1.7512152194976807,42,1.0,1.7512152194976807,42,-1.0,1.0,1.0
732,1.4609482288360596,35,1.0,1.4619452953338623,35,-1.0,1.0,1.0
733,1.8910226821899414,45,-1.0,1.8920159339904785,45,1.0,1.0,2.0
734,1.070124864578247,26,-1.0,1.070124864578247,26,1.0,0.0,1.0
735,1.0885133743286133,26,1.0,1.0895068645477295,26,-1.0,1.0,0.0
736,1.0886189937591553,26,-1.0,1.089611530303955,26,1.0,0.0,1.0
737,1.090501308441162,26,1.0,1.0913946628570557,26,-1.0,1.0,0.0
738,1.0878372192382812,26,1.0,1.0878372192382812,26,-1.0,1.0,0.0
739,1.738452672958374,42,1.0,1.738452672958374,42,-1.0,1.0,1.0
740,1.8066074848175049,43,-1.0,1.8066074848175049,43,1.0,1.0,1.0
741,1.469709873199463,35,1.0,1.470703125,35,-1.0,1.0,1.0
742,0.40728044509887695,10,1.0,0.408278226852417,10,-1.0,0.0,0.0
743,1.749074935913086,42,-1.0,1.7500689029693604,42,1.0,1.0,1.0
744,1.8039557933807373,43,1.0,1.8039557933807373,43,-1.0,1.0,1.0
745,1.8027827739715576,43,-1.0,1.8027827739715576,43,1.0,1.0,1.0
746,1.4657115936279297,35,1.0,1.4657115936279297,35,-1.0,1.0,1.0
747,1.4660115242004395,35,1.0,1.4670093059539795,35,-1.0,1.0,1.0
748,1.086134672164917,26,-1.0,1.0871315002441406,26,1.0,0.0,1.0
749,1.070803165435791,26,-1.0,1.070803165435791,26,1.0,0.0,1.0
750,1.8039391040802002,43,1.0,1.804931879043579,43,-1.0,1.0,1.0
751,1.800410509109497,43,-1.0,1.8012948036193848,43,1.0,1.0,1.0
752,0.40906500816345215,10,-1.0,0.40906500816345215,10,1.0,0.0,0.0
753,1.751347541809082,42,-1.0,1.751347541809082,42,1.0,1.0,1.0
754,2.466129779815674,59,-1.0,2.467127799987793,59,1.0,1.0,2.0
755,1.801206350326538,43,1.0,1.8022043704986572,43,-1.0,1.0,1.0
756,1.8041737079620361,43,-1.0,1.8051705360412598,43,1.0,1.0,1.0
757,1.8017685413360596,43,1.0,1.8027620315551758,43,-1.0,1.0,1.0
758,1.8049006462097168,43,1.0,1.8058929443359375,43,-1.0,1.0,1.0
759,1.070650577545166,26,-1.0,1.0716443061828613,26,1.0,0.0,1.0
760,1.750671148300171,42,1.0,1.7516639232635498,42,-1.0,1.0,1.0
761,1.0890905857086182,26,-1.0,1.0890905857086182,26,1.0,0.0,1.0
762,0.40807223320007324,10,-1.0,0.4090707302093506,10,1.0,0.0,0.0
763,1.4632320404052734,35,-1.0,1.464228630065918,35,1.0,1.0,1.0
764,1.0897245407104492,26,-1.0,1.090717077255249,26,1.0,0.0,1.0
765,1.7504796981811523,42,-1.0,1.751478672027588,42,1.0,1.0,1.0
766,1.0883002281188965,26,1.0,1.0892939567565918,26,-1.0,1.0,0.0
767,0.41062283515930176,10,-1.0,0.4116199016571045,10,1.0,0.0,0.0
768,0.41075801849365234,10,-1.0,0.4117553234100342,10,1.0,0.0,0.0
769,1.0880918502807617,26,1.0,1.0890848636627197,26,-1.0,1.0,0.0
770,1.0886321067810059,26,1.0,1.0886321067810059,26,-1.0,1.0,0.0
771,2.4518802165985107,59,1.0,2.452907085418701,59,-1.0,2.0,1.0
772,1.072880744934082,26,1.0,1.0737717151641846,26,-1.0,1.0,0.0
773,1.0867547988891602,26,-1.0,1.0877511501312256,26,1.0,0.0,1.0
774,1.0898332595825195,26,-1.0,1.090825080871582,26,1.0,0.0,1.0
775,1.8030705451965332,43,-1.0,1.8040475845336914,43,1.0,1.0,1.0
776,1.0886929035186768,26,1.0,1.0896875858306885,26,-1.0,1.0,0.0
777,1.7549917697906494,42,1.0,1.7559857368469238,42,-1.0,1.0,1.0
778,1.0719432830810547,26,1.0,1.0729362964630127,26,-1.0,1.0,0.0
779,1.751699686050415,42,1.0,1.7526929378509521,42,-1.0,1.0,1.0
780,1.8026213645935059,43,1.0,1.8036158084869385,43,-1.0,1.0,1.0
781,2.4676403999328613,59,-1.0,2.468634605407715,59,1.0,1.0,2.0
782,1.8013107776641846,43,-1.0,1.802304983139038,43,1.0,1.0,1.0
783,1.0702204704284668,26,-1.0,1.0712125301361084,26,1.0,0.0,1.0
784,0.42731356620788574,10,-1.0,0.42830729484558105,10,1.0,0.0,0.0
785,1.0773940086364746,26,-1.0,1.0783910751342773,26,1.0,0.0,1.0
786,1.8035192489624023,43,-1.0,1.8035192489624023,43,1.0,1.0,1.0
787,1.8062689304351807,43,-1.0,1.8072662353515625,43,1.0,1.0,1.0
788,1.0897314548492432,26,1.0,1.0897314548492432,26,-1.0,1.0,0.0
789,2.46596622467041,59,1.0,2.466958999633789,59,-1.0,2.0,1.0
790,1.0879034996032715,26,-1.0,1.0889017581939697,26,1.0,0.0,1.0
791,1.0767557621002197,26,1.0,1.0777490139007568,26,-1.0,1.0,0.0
792,1.0890603065490723,26,-1.0,1.0890603065490723,26,1.0,0.0,1.0
793,0.40757250785827637,10,-1.0,0.40856456756591797,10,1.0,0.0,0.0
794,1.0910513401031494,26,-1.0,1.0920450687408447,26,1.0,0.0,1.0
795,1.772576093673706,43,-1.0,1.773467779159546,43,1.0,1.0,1.0
796,1.7501399517059326,42,-1.0,1.7511334419250488,42,1.0,1.0,1.0
797,1.63698148727417,39,1.0,1.6379754543304443,39,-1.0,1.0,1.0
798,1.0873351097106934,26,-1.0,1.0883290767669678,26,1.0,0.0,1.0
799,2.447545289993286,59,1.0,2.448538303375244,59,-1.0,2.0,1.0
800,1.071558952331543,26,1.0,1.071558952331543,26,-1.0,1.0,0.0
801,1.0885770320892334,26,1.0,1.0885770320892334,26,-1.0,1.0,0.0
802,1.7550854682922363,42,1.0,1.7550854682922363,42,-1.0,1.0,1.0
803,1.7857482433319092,43,-1.0,1.7857482433319092,43,1.0,1.0,1.0
804,1.1729843616485596,28,-1.0,1.1739790439605713,28,1.0,1.0,1.0
805,1.0793142318725586,26,1.0,1.0803070068359375,26,-1.0,1.0,0.0
806,1.8015820980072021,43,1.0,1.8015820980072021,43,-1.0,1.0,1.0
807,1.803877830505371,43,1.0,1.803877830505371,43,-1.0,1.0,1.0
808,1.0743505954742432,26,1.0,1.075350046157837,26,-1.0,1.0,0.0
809,3.840862512588501,92,1.0,3.8418562412261963,92,-1.0,3.0,2.0
810,1.8029124736785889,43,-1.0,1.8029124736785889,43,1.0,1.0,1.0
811,0.4075133800506592,10,1.0,0.4084010124206543,10,-1.0,0.0,0.0
812,1.7540233135223389,42,-1.0,1.7550222873687744,42,1.0,1.0,1.0
813,1.805945634841919,43,1.0,1.8069489002227783,43,-1.0,1.0,1.0
814,0.37507128715515137,9,1.0,0.3760647773742676,9,-1.0,0.0,0.0
815,1.0892770290374756,26,1.0,1.0901775360107422,26,-1.0,1.0,0.0
816,1.8004913330078125,43,-1.0,1.8014838695526123,43,1.0,1.0,1.0
817,0.3747706413269043,9,1.0,0.37578725814819336,9,-1.0,0.0,0.0
818,1.751349925994873,42,1.0,1.7523467540740967,42,-1.0,1.0,1.0
819,1.7889955043792725,43,1.0,1.7899887561798096,43,-1.0,1.0,1.0
820,1.7998449802398682,43,1.0,1.8008384704589844,43,-1.0,1.0,1.0
821,1.8036937713623047,43,-1.0,1.8036937713623047,43,1.0,1.0,1.0
822,1.0870778560638428,26,-1.0,1.088075876235962,26,1.0,0.0,1.0
823,0.4075441360473633,10,-1.0,0.4085414409637451,10,1.0,0.0,0.0
824,1.088829517364502,26,-1.0,1.089822769165039,26,1.0,0.0,1.0
825,0.40877628326416016,10,-1.0,0.40877628326416016,10,1.0,0.0,0.0
826,0.42420411109924316,10,-1.0,0.42519688606262207,10,1.0,0.0,0.0
827,1.0715293884277344,26,-1.0,1.0715293884277344,26,1.0,0.0,1.0
828,1.0907394886016846,26,-1.0,1.0917329788208008,26,1.0,0.0,1.0
829,1.7495415210723877,42,-1.0,1.7495415210723877,42,1.0,1.0,1.0
830,1.7372477054595947,42,-1.0,1.7382404804229736,42,1.0,1.0,2.0
831,1.755275011062622,42,1.0,1.755275011062622,42,-1.0,1.0,1.0
832,1.0880155563354492,26,1.0,1.0889887809753418,26,-1.0,1.0,0.0
833,1.071295976638794,26,1.0,1.0722932815551758,26,-1.0,1.0,0.0
834,1.8031861782073975,43,-1.0,1.8041784763336182,43,1.0,1.0,1.0
835,0.42726635932922363,10,-1.0,0.4282653331756592,10,1.0,0.0,0.0
836,1.7688381671905518,43,1.0,1.7688381671905518,43,-1.0,1.0,1.0
837,1.7522168159484863,42,1.0,1.753208875656128,42,-1.0,1.0,1.0
838,1.8060009479522705,43,-1.0,1.8069984912872314,43,1.0,1.0,1.0
839,1.0868580341339111,26,-1.0,1.0878539085388184,26,1.0,0.0,1.0
840,0.4097294807434082,10,-1.0,0.41072678565979004,10,1.0,0.0,0.0
841,1.089829444885254,26,-1.0,1.0908217430114746,26,1.0,0.0,1.0
842,1.7540009021759033,42,-1.0,1.7549939155578613,42,1.0,1.0,1.0
843,1.799058437347412,43,1.0,1.799058437347412,43,-1.0,1.0,1.0
844,1.0915706157684326,26,1.0,1.0915706157684326,26,-1.0,1.0,0.0
845,1.7526576519012451,42,-1.0,1.7536547183990479,42,1.0,1.0,1.0
846,1.751105546951294,42,-1.0,1.7520990371704102,42,1.0,1.0,1.0
847,1.8007476329803467,43,-1.0,1.8017418384552002,43,1.0,1.0,1.0
848,1.0891318321228027,26,1.0,1.0891318321228027,26,-1.0,1.0,0.0
849,1.7522163391113281,42,1.0,1.7522163391113281,42,-1.0,1.0,1.0
850,0.40979957580566406,10,-1.0,0.41083645820617676,10,1.0,0.0,0.0
851,1.0872395038604736,26,-1.0,1.0881307125091553,26,1.0,0.0,1.0
852,1.0727171897888184,26,1.0,1.0727171897888184,26,-1.0,1.0,0.0
853,1.0880072116851807,26,-1.0,1.0890045166015625,26,1.0,0.0,1.0
854,2.465974807739258,59,-1.0,2.466973304748535,59,1.0,1.0,2.0
855,1.0911316871643066,26,1.0,1.0920946598052979,26,-1.0,1.0,0.0
856,1.7509701251983643,42,1.0,1.7519676685333252,42,-1.0,1.0,1.0
857,1.0882866382598877,26,-1.0,1.0882866382598877,26,1.0,0.0,1.0
858,2.61773943901062,63,-1.0,2.618736982345581,63,1.0,1.0,1.0
859,1.0893681049346924,26,1.0,1.0893681049346924,26,-1.0,1.0,0.0
860,2.963536024093628,71,-1.0,2.963536024093628,71,1.0,0.0,1.0
861,1.0886735916137695,26,-1.0,1.0886735916137695,26,1.0,0.0,1.0
862,1.0870966911315918,26,1.0,1.0880892276763916,26,-1.0,1.0,0.0
863,1.089097261428833,26,-1.0,1.0899851322174072,26,1.0,0.0,1.0
864,1.755021333694458,42,-1.0,1.7560198307037354,42,1.0,1.0,1.0
865,1.088108777999878,26,1.0,1.088108777999878,26,-1.0,1.0,0.0
866,2.452711582183838,59,-1.0,2.452711582183838,59,1.0,1.0,2.0
867,1.752500057220459,42,-1.0,1.752500057220459,42,1.0,1.0,1.0
868,1.0876133441925049,26,-1.0,1.0876133441925049,26,1.0,0.0,1.0
869,1.086122989654541,26,1.0,1.0871174335479736,26,-1.0,1.0,0.0
870,1.0799975395202637,26,1.0,1.0799975395202637,26,-1.0,1.0,0.0
871,1.7524628639221191,42,-1.0,1.7534563541412354,42,1.0,1.0,1.0
872,1.0893287658691406,26,1.0,1.0893287658691406,26,-1.0,1.0,0.0
873,0.4077730178833008,10,-1.0,0.408771276473999,10,1.0,0.0,0.0
874,1.0716774463653564,26,1.0,1.072671890258789,26,-1.0,1.0,0.0
875,1.7531089782714844,42,1.0,1.754103660583496,42,-1.0,1.0,1.0
876,1.0909900665283203,26,1.0,1.0909900665283203,26,-1.0,1.0,0.0
877,1.1031162738800049,26,-1.0,1.1031162738800049,26,1.0,0.0,1.0
878,0.4078075885772705,10,1.0,0.4088013172149658,10,-1.0,0.0,0.0
879,1.751962661743164,42,-1.0,1.751962661743164,42,1.0,1.0,1.0
880,1.0918164253234863,26,1.0,1.0928094387054443,26,-1.0,1.0,0.0
881,1.088613748550415,26,1.0,1.088608741760254,26,-1.0,1.0,0.0
882,1.0867846012115479,26,1.0,1.0877785682678223,26,-1.0,1.0,0.0
883,1.073176383972168,26,-1.0,1.073176383972168,26,1.0,0.0,1.0
884,1.7518565654754639,42,-1.0,1.7518565654754639,42,1.0,1.0,1.0
885,3.0799100399017334,74,1.0,3.0808894634246826,74,-1.0,1.0,1.0
886,1.75077223777771,42,1.0,1.7517712116241455,42,-1.0,1.0,1.0
887,1.8039321899414062,43,-1.0,1.8039321899414062,43,1.0,1.0,1.0
888,0.40792322158813477,10,-1.0,0.4089200496673584,10,1.0,0.0,0.0
889,1.4633738994598389,35,-1.0,1.4643712043762207,35,1.0,1.0,1.0
890,0.40932273864746094,10,1.0,0.40932273864746094,10,-1.0,0.0,0.0
891,1.8057575225830078,43,1.0,1.8057575225830078,43,-1.0,1.0,1.0
892,1.0748367309570312,26,-1.0,1.0758345127105713,26,1.0,0.0,1.0
893,0.42619848251342773,10,1.0,0.42716312408447266,10,-1.0,0.0,0.0
894,1.7909085750579834,43,1.0,1.7919011116027832,43,-1.0,1.0,1.0
895,2.465329647064209,59,-1.0,2.466322898864746,59,1.0,1.0,2.0
896,1.6391379833221436,39,1.0,1.6391379833221436,39,-1.0,1.0,1.0
897,1.7871239185333252,43,-1.0,1.788121223449707,43,1.0,1.0,1.0
898,3.131516218185425,75,1.0,3.132509469985962,75,-1.0,2.0,2.0
899,1.6503946781158447,39,-1.0,1.6513922214508057,39,1.0,1.0,1.0
900,1.0880744457244873,26,1.0,1.089071273803711,26,-1.0,1.0,0.0
901,1.6377863883972168,39,-1.0,1.6387553215026855,39,1.0,1.0,1.0
902,3.07723331451416,74,1.0,3.0782270431518555,74,-1.0,1.0,1.0
903,0.42756009101867676,10,1.0,0.42756009101867676,10,-1.0,0.0,0.0
904,1.0717716217041016,26,-1.0,1.0717716217041016,26,1.0,0.0,1.0
905,1.7518975734710693,42,-1.0,1.7518975734710693,42,1.0,1.0,1.0
906,1.6297895908355713,39,-1.0,1.6297895908355713,39,1.0,1.0,1.0
907,1.636056661605835,39,-1.0,1.637054443359375,39,1.0,1.0,1.0
908,1.8022029399871826,43,1.0,1.8031971454620361,43,-1.0,1.0,1.0
909,1.0866963863372803,26,1.0,1.0866963863372803,26,-1.0,1.0,0.0
910,0.4106013774871826,10,1.0,0.4115762710571289,10,-1.0,0.0,1.0
911,1.8028106689453125,43,-1.0,1.803807258605957,43,1.0,1.0,1.0
912,1.6333246231079102,39,-1.0,1.6333246231079102,39,1.0,1.0,1.0
913,1.6339163780212402,39,1.0,1.6339163780212402,39,-1.0,1.0,1.0
914,1.8035252094268799,43,-1.0,1.8035252094268799,43,1.0,1.0,1.0
915,1.6349716186523438,39,-1.0,1.6349735260009766,39,1.0,1.0,1.0
916,1.0743200778961182,26,-1.0,1.0753233432769775,26,1.0,0.0,1.0
917,1.0916755199432373,26,1.0,1.0926671028137207,26,-1.0,1.0,0.0
918,1.0731592178344727,26,-1.0,1.0731592178344727,26,1.0,0.0,1.0
919,1.8024663925170898,43,1.0,1.8024663925170898,43,-1.0,1.0,1.0
920,1.8026924133300781,43,-1.0,1.803668737411499,43,1.0,1.0,1.0
921,1.6346220970153809,39,1.0,1.6356189250946045,39,-1.0,1.0,1.0
922,1.7983067035675049,43,-1.0,1.7983067035675049,43,1.0,1.0,1.0
923,1.8042020797729492,43,1.0,1.8042020797729492,43,-1.0,1.0,1.0
924,1.7877044677734375,43,1.0,1.7877044677734375,43,-1.0,1.0,1.0
925,1.6429164409637451,39,-1.0,1.643918752670288,39,1.0,1.0,1.0
926,1.0877063274383545,26,1.0,1.0887038707733154,26,-1.0,1.0,0.0
927,1.7535123825073242,42,1.0,1.7535123825073242,42,-1.0,1.0,1.0
928,1.7854351997375488,43,1.0,1.7864279747009277,43,-1.0,1.0,1.0
929,1.6411268711090088,39,1.0,1.642120361328125,39,-1.0,1.0,1.0
930,1.8053631782531738,43,1.0,1.8063557147979736,43,-1.0,1.0,1.0
931,1.650191068649292,39,-1.0,1.650190830230713,39,1.0,1.0,1.0
932,1.0750086307525635,26,-1.0,1.0760011672973633,26,1.0,0.0,1.0
933,1.7987802028656006,43,-1.0,1.799776554107666,43,1.0,1.0,1.0
934,1.0878770351409912,26,-1.0,1.0878770351409912,26,1.0,0.0,1.0
935,1.0715887546539307,26,-1.0,1.0725805759429932,26,1.0,0.0,1.0
936,1.80592679977417,43,-1.0,1.8049607276916504,43,1.0,1.0,1.0
937,1.803480863571167,43,-1.0,1.804478645324707,43,1.0,1.0,1.0
938,1.8006196022033691,43,1.0,1.8016185760498047,43,-1.0,1.0,1.0
939,1.8015310764312744,43,1.0,1.8025281429290771,43,-1.0,1.0,1.0
940,0.40851330757141113,10,1.0,0.40851330757141113,10,-1.0,0.0,0.0
941,1.7526001930236816,42,-1.0,1.7535979747772217,42,1.0,1.0,1.0
942,1.8062257766723633,43,-1.0,1.8072214126586914,43,1.0,1.0,1.0
943,1.0707976818084717,26,1.0,1.0717902183532715,26,-1.0,1.0,0.0
944,1.803992748260498,43,1.0,1.804985523223877,43,-1.0,1.0,1.0
945,1.0875673294067383,26,-1.0,1.0885610580444336,26,1.0,0.0,1.0
946,1.071220874786377,26,1.0,1.071220874786377,26,-1.0,1.0,0.0
947,1.087289810180664,26,1.0,1.088287591934204,26,-1.0,1.0,0.0
948,0.42546796798706055,10,-1.0,0.42546796798706055,10,1.0,0.0,0.0
949,1.8013420104980469,43,-1.0,1.8023395538330078,43,1.0,1.0,1.0
950,1.7511706352233887,42,1.0,1.7511706352233887,42,-1.0,1.0,1.0
951,1.8040590286254883,43,-1.0,1.8050556182861328,43,1.0,1.0,1.0
952,0.41132044792175293,10,-1.0,0.41231751441955566,10,1.0,0.0,0.0
953,2.957416296005249,71,-1.0,2.958409547805786,71,1.0,0.0,1.0
954,2.9425458908081055,71,-1.0,2.9425458908081055,71,1.0,0.0,1.0
955,1.7526311874389648,42,1.0,1.75360107421875,42,-1.0,1.0,1.0
956,1.4634945392608643,35,-1.0,1.4643864631652832,35,1.0,1.0,1.0
957,0.4244561195373535,10,1.0,0.42545080184936523,10,-1.0,0.0,0.0
958,5.32554292678833,128,-1.0,5.326541185379028,128,1.0,1.0,1.0
959,1.4642858505249023,35,1.0,1.4642858505249023,35,-1.0,1.0,1.0
960,1.4619345664978027,35,1.0,1.4619345664978027,35,-1.0,1.0,1.0
961,1.802323341369629,43,1.0,1.8033168315887451,43,-1.0,1.0,1.0
962,1.803741693496704,43,-1.0,1.8046314716339111,43,1.0,1.0,1.0
963,1.0867929458618164,26,1.0,1.0877900123596191,26,-1.0,1.0,0.0
964,1.7490885257720947,42,1.0,1.7490885257720947,42,-1.0,1.0,1.0
965,1.0728511810302734,26,1.0,1.0738391876220703,26,-1.0,1.0,0.0
966,1.0896410942077637,26,-1.0,1.0916366577148438,26,1.0,0.0,1.0
967,1.7521560192108154,42,1.0,1.7531065940856934,42,-1.0,1.0,1.0
968,0.408031702041626,10,-1.0,0.4090304374694824,10,1.0,0.0,0.0
969,1.7500872611999512,42,1.0,1.7510685920715332,42,-1.0,1.0,1.0
970,1.4644005298614502,35,1.0,1.4644005298614502,35,-1.0,1.0,1.0
971,1.0882298946380615,26,-1.0,1.0892269611358643,26,1.0,0.0,1.0
972,1.079237461090088,26,-1.0,1.0802357196807861,26,1.0,0.0,1.0
973,1.8023560047149658,43,1.0,1.803354263305664,43,-1.0,1.0,1.0
974,1.7511513233184814,42,1.0,1.7521483898162842,42,-1.0,2.0,1.0
975,1.752295732498169,42,-1.0,1.753307580947876,42,1.0,1.0,1.0
976,1.6332728862762451,39,-1.0,1.6342709064483643,39,1.0,1.0,1.0
977,1.0704174041748047,26,-1.0,1.0714154243469238,26,1.0,0.0,1.0
978,2.948399543762207,71,-1.0,2.949373483657837,71,1.0,0.0,1.0
979,1.7544023990631104,42,-1.0,1.7553956508636475,42,1.0,1.0,1.0
980,1.8031387329101562,43,-1.0,1.8041365146636963,43,1.0,1.0,1.0
981,1.0718750953674316,26,1.0,1.0718750953674316,26,-1.0,1.0,0.0
982,1.7583167552947998,42,1.0,1.7583167552947998,42,-1.0,1.0,1.0
983,1.0701782703399658,26,1.0,1.0701782703399658,26,-1.0,1.0,0.0
984,2.963000535964966,71,1.0,2.9639976024627686,71,-1.0,1.0,0.0
985,0.40867137908935547,10,-1.0,0.40867137908935547,10,1.0,0.0,0.0
986,1.462355136871338,35,1.0,1.4633488655090332,35,-1.0,1.0,1.0
987,1.0893774032592773,26,1.0,1.0903730392456055,26,-1.0,1.0,0.0
988,2.9472641944885254,71,1.0,2.9472641944885254,71,-1.0,1.0,0.0
989,2.94458270072937,71,1.0,2.94458270072937,71,-1.0,1.0,0.0
990,2.9595274925231934,71,1.0,2.9605202674865723,71,-1.0,1.0,0.0
991,5.325692176818848,128,1.0,5.326689720153809,128,-1.0,1.0,1.0
992,1.7524375915527344,42,-1.0,1.7524375915527344,42,1.0,1.0,1.0
993,1.091956377029419,26,1.0,1.0929489135742188,26,-1.0,1.0,0.0
994,1.09035062789917,26,-1.0,1.09035062789917,26,1.0,0.0,1.0
995,1.752415657043457,42,-1.0,1.752415657043457,42,1.0,1.0,1.0
996,1.4626917839050293,35,-1.0,1.463690996170044,35,1.0,1.0,1.0
997,1.8011398315429688,43,-1.0,1.8021318912506104,43,1.0,1.0,1.0
998,1.0735230445861816,26,-1.0,1.0735230445861816,26,1.0,0.0,1.0
999,1.7539331912994385,42,-1.0,1.7548208236694336,42,1.0,1.0,1.0
