episode,time,actions,reward,bounces_1,bounces_2
0,0.40973901748657227,10,-1.0,0.0,0.0
1,0.42525792121887207,10,-1.0,0.0,0.0
2,1.9919207096099854,48,-1.0,1.0,1.0
3,1.0882391929626465,26,-1.0,0.0,1.0
4,0.40795397758483887,10,1.0,0.0,0.0
5,1.0914387702941895,26,-1.0,0.0,1.0
6,1.0878627300262451,26,-1.0,0.0,1.0
7,0.42624759674072266,10,-1.0,0.0,0.0
8,0.4078400135040283,10,-1.0,0.0,0.0
9,0.42519211769104004,10,-1.0,0.0,0.0
10,1.0749011039733887,26,-1.0,0.0,1.0
11,0.42508530616760254,10,-1.0,0.0,0.0
12,0.4087212085723877,10,1.0,0.0,0.0
13,1.0876944065093994,26,-1.0,0.0,1.0
14,0.42497968673706055,10,-1.0,1.0,0.0
15,1.0938880443572998,26,-1.0,0.0,1.0
16,0.4086618423461914,10,-1.0,0.0,0.0
17,2.4494640827178955,59,-1.0,1.0,2.0
18,0.42453575134277344,10,-1.0,0.0,0.0
19,0.4104011058807373,10,-1.0,0.0,0.0
20,1.090630292892456,26,-1.0,0.0,1.0
21,1.076070785522461,26,-1.0,0.0,1.0
22,1.0855712890625,26,-1.0,0.0,1.0
23,1.8035001754760742,43,1.0,1.0,1.0
24,1.0712003707885742,26,-1.0,0.0,1.0
25,0.42620420455932617,10,-1.0,0.0,0.0
26,0.40865015983581543,10,-1.0,0.0,0.0
27,0.43124866485595703,10,-1.0,0.0,0.0
28,1.0885710716247559,26,1.0,1.0,0.0
29,0.4246041774749756,10,-1.0,0.0,0.0
30,2.9602644443511963,71,1.0,1.0,0.0
31,1.0869650840759277,26,-1.0,0.0,1.0
32,1.0733864307403564,26,-1.0,0.0,1.0
33,1.089761734008789,26,-1.0,0.0,1.0
34,0.40731191635131836,10,-1.0,0.0,0.0
35,0.42498183250427246,10,-1.0,0.0,0.0
36,0.4074709415435791,10,-1.0,0.0,0.0
37,0.42609190940856934,10,-1.0,0.0,0.0
38,1.0897650718688965,26,-1.0,0.0,1.0
39,0.4586789608001709,11,-1.0,1.0,0.0
40,1.0906414985656738,26,-1.0,0.0,1.0
41,0.40985846519470215,10,-1.0,0.0,0.0
42,0.42931365966796875,10,-1.0,0.0,0.0
43,0.42491888999938965,10,-1.0,0.0,0.0
44,0.40853095054626465,10,-1.0,0.0,0.0
45,1.0891296863555908,26,-1.0,0.0,1.0
46,2.463179349899292,59,-1.0,1.0,2.0
47,0.41312694549560547,10,-1.0,0.0,0.0
48,0.42813777923583984,10,-1.0,0.0,0.0
49,0.4081575870513916,10,-1.0,0.0,0.0
50,0.42441797256469727,10,-1.0,0.0,0.0
51,0.40896058082580566,10,-1.0,0.0,0.0
52,1.0882112979888916,26,-1.0,0.0,1.0
53,0.41056227684020996,10,-1.0,0.0,0.0
54,1.088080644607544,26,-1.0,0.0,1.0
55,2.957744836807251,71,1.0,1.0,0.0
56,1.0907728672027588,26,-1.0,0.0,1.0
57,0.40947937965393066,10,-1.0,0.0,0.0
58,1.0889670848846436,26,-1.0,0.0,1.0
59,2.941514015197754,71,1.0,1.0,0.0
60,0.4235095977783203,10,-1.0,0.0,0.0
61,1.0749728679656982,26,-1.0,0.0,1.0
62,1.0901954174041748,26,-1.0,0.0,1.0
63,1.7907779216766357,43,1.0,1.0,1.0
64,0.425154447555542,10,-1.0,0.0,0.0
65,2.942507028579712,71,1.0,1.0,0.0
66,0.4263646602630615,10,-1.0,0.0,0.0
67,1.0732662677764893,26,-1.0,0.0,1.0
68,2.9583334922790527,71,1.0,1.0,0.0
69,0.4082052707672119,10,-1.0,0.0,0.0
70,1.089282512664795,26,-1.0,0.0,1.0
71,0.4079782962799072,10,-1.0,0.0,0.0
72,0.425642728805542,10,-1.0,0.0,0.0
73,0.4088134765625,10,-1.0,0.0,0.0
74,0.42507195472717285,10,-1.0,0.0,0.0
75,1.0712227821350098,26,-1.0,0.0,1.0
76,0.42380690574645996,10,-1.0,0.0,0.0
77,1.078672170639038,26,-1.0,0.0,1.0
78,1.0893645286560059,26,-1.0,0.0,1.0
79,1.072512149810791,26,-1.0,0.0,1.0
80,0.4259319305419922,10,-1.0,0.0,0.0
81,1.0702495574951172,26,-1.0,0.0,1.0
82,0.42426395416259766,10,-1.0,0.0,0.0
83,0.4081733226776123,10,-1.0,0.0,0.0
84,0.42414426803588867,10,-1.0,0.0,0.0
85,4.115225076675415,99,-1.0,1.0,2.0
86,1.0730619430541992,26,-1.0,0.0,1.0
87,0.42569971084594727,10,-1.0,0.0,0.0
88,1.070563793182373,26,-1.0,0.0,1.0
89,1.0886621475219727,26,1.0,1.0,0.0
90,1.0917484760284424,26,-1.0,0.0,1.0
91,1.7862284183502197,43,-1.0,1.0,1.0
92,1.0889594554901123,26,-1.0,0.0,1.0
93,0.408038854598999,10,-1.0,0.0,0.0
94,1.2234718799591064,29,1.0,1.0,1.0
95,1.0867056846618652,26,-1.0,0.0,1.0
96,0.4120352268218994,10,-1.0,0.0,0.0
97,2.9639976024627686,71,1.0,1.0,0.0
98,1.0891668796539307,26,-1.0,0.0,1.0
99,0.4092116355895996,10,-1.0,0.0,0.0
100,1.8050658702850342,43,1.0,1.0,1.0
101,1.0890834331512451,26,-1.0,0.0,1.0
102,1.0890300273895264,26,-1.0,0.0,1.0
103,0.4251832962036133,10,-1.0,0.0,0.0
104,0.4244048595428467,10,-1.0,0.0,0.0
105,1.8034663200378418,43,1.0,1.0,1.0
106,1.0707066059112549,26,-1.0,0.0,1.0
107,1.0886974334716797,26,-1.0,0.0,1.0
108,2.9587717056274414,71,1.0,1.0,0.0
109,0.42340087890625,10,-1.0,0.0,0.0
110,1.0891685485839844,26,-1.0,0.0,1.0
111,2.467869997024536,59,-1.0,1.0,2.0
112,1.0869834423065186,26,-1.0,0.0,1.0
113,1.0861365795135498,26,-1.0,0.0,1.0
114,1.0874311923980713,26,-1.0,0.0,1.0
115,1.0749459266662598,26,-1.0,0.0,1.0
116,1.0910251140594482,26,-1.0,0.0,1.0
117,0.4093618392944336,10,-1.0,0.0,0.0
118,1.0864641666412354,26,-1.0,0.0,1.0
119,2.9657483100891113,71,1.0,1.0,0.0
120,0.3563499450683594,9,-1.0,0.0,0.0
121,0.42459750175476074,10,-1.0,0.0,0.0
122,0.4096031188964844,10,-1.0,0.0,0.0
123,1.0901281833648682,26,-1.0,0.0,1.0
124,0.411348819732666,10,-1.0,0.0,0.0
125,1.0875437259674072,26,-1.0,0.0,1.0
126,1.0750718116760254,26,-1.0,0.0,1.0
127,0.4256248474121094,10,-1.0,0.0,0.0
128,0.40742039680480957,10,-1.0,0.0,0.0
129,0.4252970218658447,10,-1.0,0.0,0.0
130,1.0706212520599365,26,-1.0,0.0,1.0
131,0.4247012138366699,10,-1.0,0.0,0.0
132,1.071629524230957,26,-1.0,0.0,1.0
133,1.0872409343719482,26,-1.0,0.0,1.0
134,1.0891239643096924,26,-1.0,0.0,1.0
135,0.41068196296691895,10,-1.0,0.0,0.0
136,2.9768435955047607,71,1.0,1.0,0.0
137,0.4601268768310547,11,-1.0,1.0,0.0
138,2.9579765796661377,71,1.0,1.0,0.0
139,2.467564105987549,59,-1.0,1.0,2.0
140,1.0897812843322754,26,-1.0,0.0,1.0
141,1.0731596946716309,26,-1.0,0.0,1.0
142,0.4252493381500244,10,-1.0,0.0,0.0
143,1.0891220569610596,26,-1.0,0.0,1.0
144,0.4248034954071045,10,-1.0,0.0,0.0
145,1.0890607833862305,26,-1.0,1.0,1.0
146,1.0708637237548828,26,-1.0,0.0,1.0
147,1.0884671211242676,26,-1.0,0.0,1.0
148,1.0906569957733154,26,-1.0,0.0,1.0
149,0.4248383045196533,10,-1.0,0.0,0.0
150,2.4670095443725586,59,-1.0,1.0,2.0
151,1.0771410465240479,26,-1.0,0.0,1.0
152,2.4484870433807373,59,-1.0,1.0,2.0
153,2.449279308319092,59,-1.0,1.0,2.0
154,1.087813138961792,26,-1.0,0.0,1.0
155,1.0907385349273682,26,-1.0,0.0,1.0
156,0.4110391139984131,10,-1.0,0.0,0.0
157,0.424102783203125,10,-1.0,0.0,0.0
158,0.4102332592010498,10,-1.0,0.0,0.0
159,0.46312928199768066,11,-1.0,1.0,0.0
160,0.42503881454467773,10,-1.0,0.0,0.0
161,1.073383092880249,26,-1.0,0.0,1.0
162,0.4245028495788574,10,-1.0,0.0,0.0
163,1.0880374908447266,26,-1.0,0.0,1.0
164,0.40745997428894043,10,-1.0,0.0,0.0
165,0.42623305320739746,10,-1.0,0.0,0.0
166,0.40770936012268066,10,-1.0,0.0,0.0
167,1.0914843082427979,26,-1.0,0.0,1.0
168,1.0721418857574463,26,-1.0,0.0,1.0
169,2.451052188873291,59,-1.0,1.0,2.0
170,0.40874743461608887,10,-1.0,0.0,0.0
171,0.42504429817199707,10,-1.0,0.0,0.0
172,0.40964460372924805,10,-1.0,0.0,0.0
173,0.42392921447753906,10,-1.0,0.0,0.0
174,4.439456224441528,107,-1.0,2.0,3.0
175,0.4254884719848633,10,-1.0,0.0,0.0
176,0.40873193740844727,10,-1.0,0.0,0.0
177,0.42442965507507324,10,-1.0,0.0,0.0
178,0.40782666206359863,10,-1.0,0.0,0.0
179,0.42512083053588867,10,-1.0,0.0,0.0
180,1.0725834369659424,26,-1.0,0.0,1.0
181,2.0102035999298096,48,-1.0,1.0,1.0
182,1.088810682296753,26,-1.0,0.0,1.0
183,2.0070791244506836,48,-1.0,1.0,1.0
184,4.13585352897644,99,-1.0,1.0,2.0
185,1.0730750560760498,26,-1.0,0.0,1.0
186,1.078831434249878,26,-1.0,0.0,1.0
187,2.0594167709350586,49,-1.0,1.0,1.0
188,0.4102921485900879,10,-1.0,0.0,0.0
189,2.010385274887085,48,-1.0,1.0,1.0
190,1.0753288269042969,26,-1.0,0.0,1.0
191,1.1565744876861572,28,1.0,1.0,1.0
192,0.42423510551452637,10,-1.0,0.0,0.0
193,1.0886218547821045,26,-1.0,0.0,1.0
194,2.4511284828186035,59,-1.0,1.0,2.0
195,2.0604517459869385,49,-1.0,1.0,1.0
196,1.0708625316619873,26,-1.0,0.0,1.0
197,1.087890386581421,26,1.0,1.0,0.0
198,1.086512565612793,26,1.0,1.0,0.0
199,1.159062385559082,28,1.0,1.0,1.0
200,1.0887582302093506,26,-1.0,0.0,1.0
201,0.40801095962524414,10,-1.0,0.0,0.0
202,1.0887079238891602,26,1.0,1.0,0.0
203,1.089792013168335,26,-1.0,0.0,1.0
204,1.0880341529846191,26,-1.0,0.0,1.0
205,0.42488598823547363,10,-1.0,0.0,0.0
206,1.0720438957214355,26,-1.0,0.0,1.0
207,0.4243903160095215,10,-1.0,0.0,0.0
208,0.4078958034515381,10,1.0,0.0,0.0
209,0.4251902103424072,10,-1.0,0.0,0.0
210,4.131012916564941,99,-1.0,1.0,2.0
211,1.2091667652130127,29,1.0,1.0,1.0
212,1.801957130432129,43,1.0,1.0,1.0
213,1.089613914489746,26,-1.0,0.0,1.0
214,1.0705556869506836,26,-1.0,0.0,1.0
215,1.086329460144043,26,-1.0,0.0,1.0
216,1.088244915008545,26,-1.0,0.0,1.0
217,1.0873963832855225,26,-1.0,0.0,1.0
218,1.0728709697723389,26,-1.0,0.0,1.0
219,1.0891964435577393,26,-1.0,0.0,1.0
220,0.4087965488433838,10,-1.0,0.0,0.0
221,1.0907087326049805,26,-1.0,0.0,1.0
222,0.40726327896118164,10,-1.0,0.0,0.0
223,1.0856389999389648,26,-1.0,0.0,1.0
224,0.4106101989746094,10,-1.0,0.0,0.0
225,0.4262242317199707,10,-1.0,0.0,0.0
226,1.0735557079315186,26,-1.0,0.0,1.0
227,1.8039560317993164,43,-1.0,1.0,1.0
228,0.4089641571044922,10,1.0,0.0,0.0
229,0.42725133895874023,10,-1.0,0.0,0.0
230,1.0711300373077393,26,1.0,1.0,0.0
231,0.42458367347717285,10,-1.0,0.0,0.0
232,1.073451042175293,26,-1.0,0.0,1.0
233,1.090299367904663,26,-1.0,0.0,1.0
234,2.0387802124023438,49,-1.0,1.0,1.0
235,0.4236311912536621,10,-1.0,0.0,0.0
236,0.4081997871398926,10,-1.0,0.0,0.0
237,1.0866751670837402,26,-1.0,0.0,1.0
238,0.42567992210388184,10,-1.0,0.0,0.0
239,2.0422940254211426,49,-1.0,1.0,1.0
240,1.0894052982330322,26,-1.0,0.0,1.0
241,1.071579933166504,26,-1.0,0.0,1.0
242,1.0883054733276367,26,1.0,1.0,0.0
243,0.4084775447845459,10,-1.0,0.0,0.0
244,0.425640344619751,10,-1.0,0.0,0.0
245,1.0706651210784912,26,-1.0,0.0,1.0
246,1.0903863906860352,26,-1.0,0.0,1.0
247,0.40950560569763184,10,-1.0,0.0,0.0
248,1.085829734802246,26,1.0,1.0,0.0
249,0.42404794692993164,10,-1.0,0.0,0.0
250,2.4628167152404785,59,-1.0,1.0,2.0
251,1.0726349353790283,26,1.0,1.0,0.0
252,1.090268850326538,26,-1.0,0.0,1.0
253,1.074378252029419,26,-1.0,1.0,1.0
254,2.0085065364837646,48,-1.0,1.0,1.0
255,1.2071754932403564,29,1.0,1.0,1.0
256,2.060319423675537,49,-1.0,1.0,1.0
257,0.40883851051330566,10,-1.0,0.0,0.0
258,1.0894567966461182,26,-1.0,0.0,1.0
259,1.0721585750579834,26,1.0,1.0,0.0
260,2.008211612701416,48,-1.0,1.0,1.0
261,0.4077937602996826,10,-1.0,0.0,0.0
262,3.1155686378479004,75,1.0,2.0,2.0
263,2.006192684173584,48,-1.0,1.0,1.0
264,1.0893447399139404,26,-1.0,0.0,1.0
265,1.9909570217132568,48,-1.0,1.0,1.0
266,0.4247143268585205,10,-1.0,0.0,0.0
267,1.071317434310913,26,-1.0,0.0,1.0
268,0.4256715774536133,10,-1.0,0.0,0.0
269,2.9432127475738525,71,1.0,1.0,0.0
270,1.089731216430664,26,-1.0,0.0,1.0
271,1.0746002197265625,26,-1.0,0.0,1.0
272,1.0905449390411377,26,-1.0,0.0,1.0
273,1.07210373878479,26,-1.0,0.0,1.0
274,0.425234317779541,10,-1.0,0.0,0.0
275,1.07470703125,26,-1.0,0.0,1.0
276,0.42665696144104004,10,-1.0,0.0,0.0
277,1.0983798503875732,26,1.0,1.0,0.0
278,1.0719141960144043,26,-1.0,0.0,1.0
279,0.4254741668701172,10,-1.0,0.0,0.0
280,1.0717709064483643,26,-1.0,0.0,1.0
281,0.42610955238342285,10,-1.0,0.0,0.0
282,0.4075281620025635,10,1.0,0.0,0.0
283,1.0889050960540771,26,1.0,1.0,0.0
284,0.4080634117126465,10,-1.0,1.0,0.0
285,1.0931463241577148,26,-1.0,0.0,1.0
286,1.0714950561523438,26,-1.0,1.0,1.0
287,1.0879826545715332,26,-1.0,0.0,1.0
288,1.0904438495635986,26,-1.0,0.0,1.0
289,1.0707783699035645,26,1.0,1.0,0.0
290,0.4258568286895752,10,-1.0,0.0,0.0
291,2.0390868186950684,49,-1.0,1.0,1.0
292,1.0834989547729492,26,-1.0,0.0,1.0
293,0.42699456214904785,10,-1.0,0.0,0.0
294,2.4655301570892334,59,-1.0,1.0,2.0
295,1.793950080871582,43,1.0,1.0,1.0
296,1.0887525081634521,26,1.0,1.0,0.0
297,1.0722072124481201,26,-1.0,0.0,1.0
298,1.7963123321533203,43,1.0,1.0,1.0
299,0.4261150360107422,10,-1.0,0.0,0.0
300,1.0759785175323486,26,-1.0,0.0,1.0
301,1.0900208950042725,26,-1.0,0.0,1.0
302,1.077233076095581,26,-1.0,0.0,1.0
303,1.8901653289794922,45,-1.0,1.0,2.0
304,1.0831174850463867,26,-1.0,0.0,1.0
305,1.9930157661437988,48,-1.0,1.0,1.0
306,1.0812528133392334,26,1.0,1.0,0.0
307,1.0882115364074707,26,-1.0,0.0,1.0
308,1.087878704071045,26,1.0,1.0,0.0
309,3.178220748901367,71,1.0,1.0,0.0
310,2.010876417160034,48,-1.0,1.0,1.0
311,1.3474047183990479,32,-1.0,1.0,1.0
312,2.0438263416290283,49,-1.0,1.0,1.0
313,2.468048572540283,59,-1.0,1.0,2.0
314,2.468202590942383,59,-1.0,1.0,2.0
315,0.40838003158569336,10,-1.0,0.0,0.0
316,0.41132164001464844,10,-1.0,0.0,0.0
317,1.088472604751587,26,1.0,1.0,0.0
318,2.948702096939087,71,1.0,1.0,0.0
319,1.1593866348266602,28,1.0,1.0,1.0
320,0.42523670196533203,10,-1.0,0.0,0.0
321,1.1587340831756592,28,1.0,1.0,1.0
322,0.4108235836029053,10,-1.0,0.0,0.0
323,2.00895094871521,48,-1.0,1.0,1.0
324,0.40712594985961914,10,-1.0,0.0,0.0
325,1.0942487716674805,26,-1.0,0.0,1.0
326,1.7902278900146484,43,1.0,1.0,1.0
327,1.094416618347168,26,1.0,1.0,0.0
328,1.079145908355713,26,-1.0,0.0,1.0
329,1.0733122825622559,26,1.0,1.0,0.0
330,1.0906805992126465,26,-1.0,0.0,1.0
331,1.074815273284912,26,1.0,1.0,0.0
332,2.9546408653259277,71,1.0,1.0,0.0
333,0.424405574798584,10,-1.0,1.0,0.0
334,0.40828466415405273,10,-1.0,0.0,0.0
335,0.41252684593200684,10,-1.0,0.0,0.0
336,0.42681264877319336,10,-1.0,0.0,0.0
337,1.088496208190918,26,-1.0,0.0,1.0
338,1.8028895854949951,43,1.0,1.0,1.0
339,4.137571334838867,99,-1.0,1.0,2.0
340,1.1247494220733643,27,-1.0,1.0,1.0
341,0.4256749153137207,10,-1.0,0.0,0.0
342,1.7877511978149414,43,1.0,1.0,1.0
343,0.4125549793243408,10,-1.0,0.0,0.0
344,1.1450109481811523,27,-1.0,1.0,1.0
345,2.45574951171875,59,-1.0,1.0,2.0
346,1.0882174968719482,26,-1.0,0.0,1.0
347,1.0895521640777588,26,-1.0,0.0,1.0
348,0.37377476692199707,9,-1.0,0.0,0.0
349,1.159083604812622,28,1.0,1.0,1.0
350,0.42675280570983887,10,-1.0,0.0,0.0
351,1.079909324645996,26,-1.0,0.0,1.0
352,1.0873327255249023,26,-1.0,0.0,1.0
353,1.090529203414917,26,-1.0,0.0,1.0
354,2.047954797744751,49,-1.0,1.0,1.0
355,0.4089207649230957,10,-1.0,0.0,0.0
356,0.4253106117248535,10,-1.0,0.0,0.0
357,0.4078788757324219,10,1.0,0.0,0.0
358,0.42576122283935547,10,-1.0,0.0,0.0
359,0.408433198928833,10,-1.0,0.0,0.0
360,1.0902860164642334,26,-1.0,0.0,1.0
361,0.40853452682495117,10,-1.0,0.0,0.0
362,1.1750361919403076,28,1.0,1.0,1.0
363,0.41104984283447266,10,-1.0,0.0,0.0
364,1.1758131980895996,28,1.0,1.0,1.0
365,0.37338781356811523,9,-1.0,0.0,0.0
366,1.1571967601776123,28,1.0,1.0,1.0
367,0.4249391555786133,10,-1.0,0.0,0.0
368,2.9117562770843506,70,1.0,2.0,1.0
369,1.0908393859863281,26,-1.0,0.0,1.0
370,0.408123254776001,10,-1.0,0.0,0.0
371,1.3788752555847168,33,1.0,1.0,1.0
372,1.0909860134124756,26,1.0,1.0,0.0
373,0.41004419326782227,10,1.0,0.0,0.0
374,1.091665506362915,26,1.0,1.0,0.0
375,1.1581165790557861,28,1.0,1.0,1.0
376,1.0898072719573975,26,-1.0,0.0,1.0
377,1.1593258380889893,28,1.0,1.0,1.0
378,1.0920348167419434,26,-1.0,0.0,1.0
379,0.40729761123657227,10,1.0,0.0,0.0
380,0.42609333992004395,10,-1.0,0.0,0.0
381,1.1567351818084717,28,1.0,1.0,1.0
382,1.0911140441894531,26,1.0,1.0,0.0
383,0.4100921154022217,10,-1.0,0.0,0.0
384,1.0918653011322021,26,1.0,1.0,0.0
385,1.0699634552001953,26,-1.0,0.0,1.0
386,2.0618059635162354,49,-1.0,1.0,1.0
387,1.0722999572753906,26,-1.0,0.0,1.0
388,0.4260895252227783,10,-1.0,0.0,0.0
389,1.2112748622894287,29,1.0,1.0,1.0
390,0.40920209884643555,10,-1.0,0.0,0.0
391,1.091965913772583,26,-1.0,0.0,1.0
392,1.082399845123291,26,1.0,1.0,0.0
393,1.0737464427947998,26,-1.0,0.0,1.0
394,1.806053876876831,43,1.0,1.0,1.0
395,1.0892558097839355,26,-1.0,0.0,1.0
396,1.794536828994751,43,1.0,1.0,1.0
397,2.451673984527588,59,-1.0,1.0,2.0
398,1.1763567924499512,28,1.0,1.0,1.0
399,1.0737059116363525,26,-1.0,0.0,1.0
400,0.42481303215026855,10,-1.0,0.0,0.0
401,1.0792748928070068,26,-1.0,0.0,1.0
402,1.0916688442230225,26,-1.0,0.0,1.0
403,1.2118771076202393,29,1.0,1.0,1.0
404,1.0885522365570068,26,-1.0,0.0,1.0
405,1.7856495380401611,43,1.0,1.0,1.0
406,1.163940191268921,28,1.0,1.0,1.0
407,1.0895588397979736,26,-1.0,0.0,1.0
408,1.1592912673950195,28,1.0,1.0,1.0
409,2.0630340576171875,49,-1.0,1.0,1.0
410,1.2130532264709473,29,1.0,1.0,1.0
411,1.0757465362548828,26,1.0,1.0,0.0
412,1.0875511169433594,26,-1.0,0.0,1.0
413,0.42455530166625977,10,-1.0,0.0,0.0
414,1.0889174938201904,26,1.0,1.0,0.0
415,1.2160537242889404,29,1.0,1.0,1.0
416,1.0917816162109375,26,1.0,1.0,0.0
417,0.4110710620880127,10,-1.0,0.0,0.0
418,1.2135093212127686,29,1.0,1.0,1.0
419,1.0900249481201172,26,-1.0,0.0,1.0
420,1.0900158882141113,26,-1.0,0.0,1.0
421,2.4548792839050293,59,-1.0,1.0,2.0
422,1.0917844772338867,26,1.0,1.0,0.0
423,0.4087069034576416,10,-1.0,0.0,0.0
424,3.1307339668273926,75,-1.0,2.0,2.0
425,1.0880866050720215,26,-1.0,0.0,1.0
426,0.4092106819152832,10,-1.0,0.0,0.0
427,2.0609164237976074,49,-1.0,1.0,1.0
428,1.206831455230713,29,1.0,1.0,1.0
429,1.8069238662719727,43,1.0,1.0,1.0
430,1.0741164684295654,26,1.0,1.0,0.0
431,1.0776722431182861,26,-1.0,0.0,1.0
432,1.0889546871185303,26,1.0,1.0,0.0
433,0.406940221786499,10,-1.0,0.0,0.0
434,1.0907258987426758,26,-1.0,0.0,1.0
435,1.0740976333618164,26,-1.0,0.0,1.0
436,1.090301752090454,26,1.0,1.0,0.0
437,0.42453432083129883,10,-1.0,0.0,0.0
438,1.3453924655914307,32,-1.0,1.0,1.0
439,1.0731792449951172,26,-1.0,0.0,1.0
440,0.42519497871398926,10,-1.0,0.0,0.0
441,1.0763485431671143,26,-1.0,0.0,1.0
442,1.0894253253936768,26,-1.0,0.0,1.0
443,0.42714619636535645,10,-1.0,0.0,0.0
444,1.0798656940460205,26,-1.0,0.0,1.0
445,1.0928974151611328,26,1.0,1.0,0.0
446,0.4272434711456299,10,-1.0,0.0,0.0
447,1.0814208984375,26,-1.0,0.0,1.0
448,0.41316962242126465,10,-1.0,0.0,0.0
449,0.42558765411376953,10,-1.0,0.0,0.0
450,1.1583189964294434,28,1.0,1.0,1.0
451,1.0897574424743652,26,-1.0,0.0,1.0
452,1.0729682445526123,26,-1.0,0.0,1.0
453,1.2252888679504395,29,1.0,1.0,1.0
454,1.0784196853637695,26,-1.0,0.0,1.0
455,2.4489197731018066,59,-1.0,1.0,2.0
456,1.0887775421142578,26,-1.0,0.0,1.0
457,2.043159008026123,49,-1.0,1.0,1.0
458,1.0876708030700684,26,-1.0,0.0,1.0
459,1.073364019393921,26,-1.0,0.0,1.0
460,0.42604804039001465,10,-1.0,0.0,0.0
461,1.0800960063934326,26,-1.0,0.0,1.0
462,1.2095749378204346,29,1.0,1.0,1.0
463,0.40872955322265625,10,-1.0,0.0,0.0
464,0.42667245864868164,10,-1.0,0.0,0.0
465,1.0881950855255127,26,-1.0,0.0,1.0
466,1.1221880912780762,27,-1.0,1.0,1.0
467,1.0883452892303467,26,-1.0,0.0,1.0
468,1.07131028175354,26,-1.0,0.0,1.0
469,0.42738842964172363,10,-1.0,0.0,0.0
470,1.0749967098236084,26,-1.0,0.0,1.0
471,1.0933005809783936,26,-1.0,0.0,1.0
472,1.0884251594543457,26,-1.0,0.0,1.0
473,1.1586887836456299,28,1.0,1.0,1.0
474,1.0891001224517822,26,1.0,1.0,0.0
475,4.121236324310303,99,-1.0,1.0,2.0
476,0.4095633029937744,10,-1.0,0.0,0.0
477,1.2083077430725098,29,1.0,1.0,1.0
478,1.0893433094024658,26,-1.0,0.0,1.0
479,1.1586413383483887,28,1.0,1.0,1.0
480,1.2155404090881348,29,1.0,1.0,1.0
481,1.3460917472839355,32,-1.0,1.0,1.0
482,4.496542453765869,108,-1.0,3.0,3.0
483,1.0747110843658447,26,-1.0,0.0,1.0
484,1.1732206344604492,28,1.0,1.0,1.0
485,1.089876651763916,26,-1.0,0.0,1.0
486,0.4089779853820801,10,-1.0,0.0,0.0
487,1.0903103351593018,26,1.0,1.0,0.0
488,1.0721805095672607,26,-1.0,0.0,1.0
489,1.0898666381835938,26,-1.0,0.0,1.0
490,1.070138931274414,26,-1.0,0.0,1.0
491,2.4690325260162354,59,-1.0,1.0,2.0
492,1.0910015106201172,26,-1.0,0.0,1.0
493,1.070192813873291,26,-1.0,0.0,1.0
494,2.0478203296661377,49,-1.0,1.0,1.0
495,1.0914251804351807,26,-1.0,0.0,1.0
496,0.40828728675842285,10,-1.0,0.0,0.0
497,2.4518463611602783,59,-1.0,1.0,2.0
498,1.99174165725708,48,-1.0,1.0,1.0
499,1.0898997783660889,26,-1.0,0.0,1.0
500,1.077416181564331,26,-1.0,0.0,1.0
501,1.173865795135498,28,1.0,1.0,1.0
502,1.8047666549682617,43,1.0,1.0,1.0
503,0.3768727779388428,9,-1.0,0.0,0.0
504,0.4085733890533447,10,1.0,0.0,0.0
505,1.226686716079712,29,1.0,1.0,1.0
506,1.0732872486114502,26,1.0,1.0,0.0
507,1.0897958278656006,26,-1.0,1.0,1.0
508,1.0735385417938232,26,-1.0,0.0,1.0
509,1.0882525444030762,26,1.0,1.0,0.0
510,0.40852999687194824,10,-1.0,0.0,0.0
511,1.0911133289337158,26,1.0,1.0,0.0
512,1.0719356536865234,26,-1.0,0.0,1.0
513,1.089918613433838,26,1.0,1.0,0.0
514,0.4085111618041992,10,-1.0,0.0,0.0
515,1.08768892288208,26,-1.0,0.0,1.0
516,1.0877413749694824,26,1.0,1.0,0.0
517,1.0726397037506104,26,-1.0,0.0,1.0
518,1.0889296531677246,26,1.0,1.0,0.0
519,1.1562726497650146,28,1.0,1.0,1.0
520,4.135551929473877,99,-1.0,1.0,2.0
521,1.0892126560211182,26,-1.0,0.0,1.0
522,1.0727477073669434,26,-1.0,0.0,1.0
523,1.0930709838867188,26,1.0,1.0,0.0
524,1.0758328437805176,26,-1.0,0.0,1.0
525,1.0941839218139648,26,-1.0,0.0,1.0
526,0.42686891555786133,10,-1.0,0.0,0.0
527,1.7938759326934814,43,1.0,1.0,1.0
528,0.4256908893585205,10,-1.0,0.0,0.0
529,2.451129198074341,59,-1.0,1.0,2.0
530,1.0736746788024902,26,-1.0,0.0,1.0
531,1.0896625518798828,26,1.0,1.0,0.0
532,1.0719356536865234,26,-1.0,0.0,1.0
533,1.0889136791229248,26,-1.0,0.0,1.0
534,0.4090843200683594,10,-1.0,0.0,0.0
535,1.8041858673095703,43,1.0,1.0,1.0
536,0.40923166275024414,10,-1.0,0.0,0.0
537,1.0877516269683838,26,-1.0,0.0,1.0
538,1.0900490283966064,26,-1.0,0.0,1.0
539,1.0717689990997314,26,1.0,1.0,0.0
540,0.42444324493408203,10,-1.0,0.0,0.0
541,1.0719032287597656,26,-1.0,0.0,1.0
542,2.058764934539795,49,-1.0,1.0,1.0
543,1.063349962234497,26,-1.0,0.0,1.0
544,1.0916481018066406,26,-1.0,0.0,1.0
545,0.4088563919067383,10,-1.0,0.0,0.0
546,1.0924012660980225,26,1.0,1.0,0.0
547,1.0792429447174072,26,-1.0,0.0,1.0
548,0.42664051055908203,10,-1.0,0.0,0.0
549,1.0898113250732422,26,-1.0,0.0,1.0
550,1.0895106792449951,26,-1.0,0.0,1.0
551,0.4090590476989746,10,-1.0,0.0,0.0
552,1.0903141498565674,26,-1.0,0.0,1.0
553,1.0714433193206787,26,-1.0,0.0,1.0
554,0.4252598285675049,10,-1.0,0.0,0.0
555,1.15671706199646,28,1.0,1.0,1.0
556,1.0917432308197021,26,-1.0,0.0,1.0
557,1.0745570659637451,26,-1.0,0.0,1.0
558,1.0937740802764893,26,1.0,1.0,0.0
559,0.40868449211120605,10,-1.0,0.0,0.0
560,0.4090540409088135,10,-1.0,0.0,0.0
561,6.341717958450317,152,1.0,2.0,2.0
562,1.0876781940460205,26,1.0,1.0,0.0
563,0.408008337020874,10,-1.0,0.0,0.0
564,0.40902185440063477,10,-1.0,0.0,0.0
565,1.0919008255004883,26,-1.0,0.0,1.0
566,1.0790340900421143,26,1.0,1.0,0.0
567,1.090083122253418,26,-1.0,0.0,1.0
568,2.0457382202148438,49,-1.0,1.0,1.0
569,1.0889911651611328,26,1.0,1.0,0.0
570,1.0717499256134033,26,-1.0,0.0,1.0
571,1.8038883209228516,43,1.0,1.0,1.0
572,1.0876116752624512,26,-1.0,0.0,1.0
573,1.0761899948120117,26,1.0,1.0,0.0
574,1.090013027191162,26,1.0,1.0,0.0
575,1.0897135734558105,26,-1.0,1.0,1.0
576,1.0906267166137695,26,1.0,1.0,0.0
577,1.089043140411377,26,1.0,1.0,0.0
578,1.0912458896636963,26,-1.0,0.0,1.0
579,0.409590482711792,10,-1.0,0.0,0.0
580,2.0434513092041016,49,-1.0,1.0,1.0
581,1.0911290645599365,26,1.0,1.0,0.0
582,1.0724358558654785,26,-1.0,0.0,1.0
583,1.0895183086395264,26,1.0,1.0,0.0
584,1.0881693363189697,26,-1.0,0.0,1.0
585,1.8087973594665527,43,-1.0,1.0,1.0
586,1.08933424949646,26,-1.0,0.0,1.0
587,1.075561761856079,26,-1.0,0.0,1.0
588,2.469468832015991,59,-1.0,1.0,2.0
589,1.088707447052002,26,1.0,1.0,0.0
590,1.0712931156158447,26,-1.0,0.0,1.0
591,1.088829517364502,26,1.0,1.0,0.0
592,1.0733590126037598,26,1.0,1.0,0.0
593,1.0885145664215088,26,-1.0,0.0,1.0
594,1.0908126831054688,26,-1.0,0.0,1.0
595,1.073115587234497,26,-1.0,0.0,1.0
596,1.0904333591461182,26,-1.0,0.0,1.0
597,1.0720348358154297,26,-1.0,0.0,1.0
598,1.1746270656585693,28,1.0,1.0,1.0
599,1.0858511924743652,26,1.0,1.0,0.0
600,1.0687873363494873,26,-1.0,0.0,1.0
601,1.0871202945709229,26,-1.0,0.0,1.0
602,0.42389798164367676,10,-1.0,0.0,0.0
603,1.0704150199890137,26,-1.0,0.0,1.0
604,1.0860028266906738,26,-1.0,0.0,1.0
605,0.4242987632751465,10,-1.0,0.0,0.0
606,1.086066722869873,26,-1.0,0.0,1.0
607,1.0854885578155518,26,1.0,1.0,0.0
608,0.42489004135131836,10,-1.0,0.0,0.0
609,1.323277235031128,32,-1.0,1.0,1.0
610,1.3398933410644531,32,-1.0,1.0,1.0
611,1.086453914642334,26,-1.0,0.0,1.0
612,1.0691189765930176,26,1.0,1.0,0.0
613,4.141886949539185,99,-1.0,1.0,2.0
614,1.0857579708099365,26,-1.0,0.0,1.0
615,2.0032310485839844,48,-1.0,1.0,1.0
616,1.814490556716919,43,1.0,1.0,1.0
617,1.3231098651885986,32,-1.0,1.0,1.0
618,1.1717779636383057,28,1.0,1.0,1.0
619,1.0858004093170166,26,1.0,1.0,0.0
620,1.0704176425933838,26,-1.0,0.0,1.0
621,1.086578607559204,26,1.0,1.0,0.0
622,2.443467617034912,59,-1.0,1.0,2.0
623,1.1716761589050293,28,1.0,1.0,1.0
624,4.140829086303711,99,-1.0,1.0,2.0
625,1.0698254108428955,26,1.0,1.0,0.0
626,1.0938856601715088,26,1.0,1.0,0.0
627,1.0714035034179688,26,-1.0,0.0,1.0
628,1.0877857208251953,26,-1.0,0.0,1.0
629,1.0765485763549805,26,-1.0,0.0,1.0
630,1.177865982055664,28,1.0,1.0,1.0
631,0.40887904167175293,10,-1.0,0.0,0.0
632,1.0898895263671875,26,1.0,1.0,0.0
633,1.0747511386871338,26,-1.0,0.0,1.0
634,1.0922181606292725,26,-1.0,0.0,1.0
635,1.0741808414459229,26,1.0,1.0,0.0
636,1.0872669219970703,26,1.0,1.0,0.0
637,1.0736103057861328,26,1.0,1.0,0.0
638,1.091536283493042,26,-1.0,0.0,1.0
639,1.072434425354004,26,1.0,1.0,0.0
640,0.4245271682739258,10,-1.0,0.0,0.0
641,1.0727436542510986,26,-1.0,0.0,1.0
642,0.42530012130737305,10,-1.0,0.0,0.0
643,1.0719051361083984,26,1.0,1.0,0.0
644,1.1756656169891357,28,1.0,1.0,1.0
645,1.0733387470245361,26,1.0,1.0,0.0
646,1.089855670928955,26,1.0,1.0,0.0
647,1.0919404029846191,26,1.0,1.0,0.0
648,1.0723857879638672,26,-1.0,0.0,1.0
649,1.093210220336914,26,-1.0,0.0,1.0
650,1.0873174667358398,26,1.0,1.0,0.0
651,2.049741268157959,49,-1.0,1.0,1.0
652,1.091521978378296,26,-1.0,0.0,1.0
653,1.0721585750579834,26,-1.0,0.0,1.0
654,1.094644546508789,26,-1.0,0.0,1.0
655,1.9931559562683105,48,-1.0,1.0,1.0
656,1.0561811923980713,25,-1.0,1.0,1.0
657,1.0758202075958252,26,1.0,1.0,0.0
658,1.0921704769134521,26,1.0,1.0,0.0
659,0.3753173351287842,9,-1.0,0.0,0.0
660,0.4099085330963135,10,1.0,0.0,0.0
661,0.4158332347869873,10,1.0,0.0,0.0
662,0.42790961265563965,10,-1.0,0.0,0.0
663,1.0753014087677002,26,-1.0,0.0,1.0
664,1.0761377811431885,26,-1.0,1.0,1.0
665,1.089604377746582,26,-1.0,0.0,1.0
666,1.0892958641052246,26,1.0,1.0,0.0
667,1.8024625778198242,43,1.0,1.0,1.0
668,1.7923071384429932,43,1.0,1.0,1.0
669,1.2105045318603516,29,1.0,1.0,1.0
670,1.0875844955444336,26,1.0,1.0,0.0
671,1.0734217166900635,26,1.0,1.0,0.0
672,0.4253425598144531,10,-1.0,0.0,0.0
673,1.0726468563079834,26,1.0,1.0,0.0
674,1.0899221897125244,26,1.0,1.0,0.0
675,1.1748921871185303,28,1.0,1.0,1.0
676,1.089120626449585,26,-1.0,0.0,1.0
677,1.072979211807251,26,1.0,1.0,0.0
678,1.08982515335083,26,-1.0,0.0,1.0
679,1.0898053646087646,26,1.0,1.0,0.0
680,1.090636968612671,26,1.0,1.0,0.0
681,1.3813567161560059,33,1.0,1.0,1.0
682,1.0890004634857178,26,-1.0,0.0,1.0
683,1.0720622539520264,26,-1.0,0.0,1.0
684,1.092909574508667,26,1.0,1.0,0.0
685,2.4482972621917725,59,-1.0,1.0,2.0
686,1.072451114654541,26,-1.0,0.0,1.0
687,1.0891451835632324,26,-1.0,0.0,1.0
688,1.0734734535217285,26,1.0,1.0,0.0
689,4.136275291442871,99,-1.0,1.0,2.0
690,1.0902962684631348,26,-1.0,0.0,1.0
691,1.0747308731079102,26,1.0,1.0,0.0
692,1.0906915664672852,26,-1.0,0.0,1.0
693,1.1582119464874268,28,1.0,1.0,1.0
694,1.229503870010376,29,1.0,1.0,1.0
695,1.0717968940734863,26,-1.0,0.0,1.0
696,1.0900037288665771,26,1.0,1.0,0.0
697,1.378063440322876,33,1.0,1.0,1.0
698,2.4645168781280518,59,-1.0,1.0,2.0
699,1.0895016193389893,26,1.0,1.0,0.0
700,1.0764789581298828,26,-1.0,0.0,1.0
701,1.091205358505249,26,1.0,1.0,0.0
702,2.45756196975708,59,-1.0,1.0,2.0
703,1.0912067890167236,26,-1.0,0.0,1.0
704,1.090874433517456,26,1.0,1.0,0.0
705,1.0901484489440918,26,-1.0,0.0,1.0
706,1.078922986984253,26,1.0,1.0,0.0
707,0.40861082077026367,10,-1.0,0.0,0.0
708,1.0874745845794678,26,-1.0,0.0,1.0
709,0.40876293182373047,10,1.0,0.0,0.0
710,1.0894501209259033,26,1.0,1.0,0.0
711,0.40969157218933105,10,1.0,0.0,0.0
712,0.4253101348876953,10,-1.0,0.0,0.0
713,1.0817115306854248,26,1.0,1.0,0.0
714,1.076206922531128,26,1.0,1.0,0.0
715,1.090634822845459,26,-1.0,0.0,1.0
716,1.0892844200134277,26,-1.0,0.0,1.0
717,1.0921931266784668,26,1.0,1.0,0.0
718,1.089663028717041,26,1.0,1.0,0.0
719,2.964418649673462,71,1.0,1.0,0.0
720,1.3800978660583496,33,1.0,1.0,1.0
721,1.3874528408050537,33,1.0,1.0,1.0
722,1.0897743701934814,26,1.0,1.0,0.0
723,1.069868564605713,26,-1.0,1.0,1.0
724,1.0884299278259277,26,-1.0,0.0,1.0
725,0.41252708435058594,10,-1.0,0.0,0.0
726,1.0891351699829102,26,1.0,1.0,0.0
727,1.7545733451843262,42,1.0,1.0,1.0
728,1.090045690536499,26,-1.0,0.0,1.0
729,1.0902445316314697,26,1.0,1.0,0.0
730,1.0744538307189941,26,1.0,1.0,0.0
731,1.0897626876831055,26,-1.0,0.0,1.0
732,2.045213460922241,49,-1.0,1.0,1.0
733,4.664217472076416,112,-1.0,2.0,3.0
734,1.0890998840332031,26,1.0,1.0,0.0
735,1.0813848972320557,26,1.0,1.0,0.0
736,1.1571385860443115,28,1.0,1.0,1.0
737,1.380911111831665,33,1.0,1.0,1.0
738,1.092299461364746,26,1.0,1.0,0.0
739,1.076505422592163,26,-1.0,0.0,1.0
740,1.0920438766479492,26,1.0,1.0,0.0
741,1.088327407836914,26,1.0,1.0,0.0
742,1.0898675918579102,26,-1.0,0.0,1.0
743,1.081941843032837,26,-1.0,0.0,1.0
744,1.3777294158935547,33,1.0,1.0,1.0
745,1.0907416343688965,26,1.0,1.0,0.0
746,1.0725841522216797,26,-1.0,0.0,1.0
747,1.0897886753082275,26,1.0,1.0,0.0
748,1.074220895767212,26,-1.0,0.0,1.0
749,1.0899691581726074,26,1.0,1.0,0.0
750,1.074669599533081,26,-1.0,0.0,1.0
751,0.4278390407562256,10,-1.0,0.0,0.0
752,1.070727825164795,26,-1.0,0.0,1.0
753,1.0874500274658203,26,-1.0,0.0,1.0
754,1.0888526439666748,26,-1.0,0.0,1.0
755,1.788630485534668,43,1.0,1.0,1.0
756,1.8074860572814941,43,1.0,1.0,1.0
757,1.385716438293457,33,1.0,1.0,1.0
758,1.0889732837677002,26,1.0,1.0,0.0
759,2.436337947845459,59,-1.0,1.0,2.0
760,1.0901949405670166,26,1.0,1.0,0.0
761,1.208724021911621,29,1.0,1.0,1.0
762,1.0883798599243164,26,1.0,1.0,0.0
763,1.0879833698272705,26,1.0,1.0,0.0
764,0.4592609405517578,11,-1.0,1.0,0.0
765,1.0902726650238037,26,1.0,1.0,0.0
766,1.0709311962127686,26,1.0,1.0,0.0
767,2.4656620025634766,59,-1.0,1.0,2.0
768,1.8046221733093262,43,1.0,1.0,1.0
769,2.043921947479248,49,-1.0,1.0,1.0
770,1.0909337997436523,26,1.0,1.0,0.0
771,1.0877594947814941,26,1.0,1.0,0.0
772,1.090681552886963,26,-1.0,1.0,1.0
773,1.090106725692749,26,1.0,1.0,0.0
774,0.4085581302642822,10,-1.0,0.0,0.0
775,1.090034008026123,26,-1.0,0.0,1.0
776,1.0890820026397705,26,1.0,1.0,0.0
777,4.133993864059448,99,-1.0,1.0,2.0
778,1.0883166790008545,26,-1.0,0.0,1.0
779,1.0708262920379639,26,-1.0,0.0,1.0
780,1.0887477397918701,26,1.0,1.0,0.0
781,1.0893511772155762,26,1.0,1.0,0.0
782,1.0706677436828613,26,-1.0,0.0,1.0
783,0.4252440929412842,10,-1.0,0.0,0.0
784,1.0719149112701416,26,1.0,1.0,0.0
785,0.4249584674835205,10,-1.0,0.0,0.0
786,0.40876269340515137,10,-1.0,0.0,0.0
787,2.457627773284912,59,-1.0,1.0,2.0
788,1.1576719284057617,28,1.0,1.0,1.0
789,1.0934417247772217,26,-1.0,0.0,1.0
790,1.0723161697387695,26,1.0,1.0,0.0
791,0.42468833923339844,10,-1.0,0.0,0.0
792,1.0737180709838867,26,-1.0,0.0,1.0
793,1.3441603183746338,32,-1.0,1.0,1.0
794,0.4087836742401123,10,-1.0,0.0,0.0
795,1.0743651390075684,26,-1.0,0.0,1.0
796,1.1782381534576416,28,1.0,1.0,1.0
797,0.40888285636901855,10,-1.0,0.0,0.0
798,0.42682790756225586,10,-1.0,0.0,0.0
799,1.0893957614898682,26,-1.0,0.0,1.0
800,1.0910065174102783,26,1.0,1.0,0.0
801,1.0893445014953613,26,-1.0,0.0,1.0
802,1.0899569988250732,26,-1.0,0.0,1.0
803,0.4081082344055176,10,-1.0,0.0,0.0
804,1.0900626182556152,26,1.0,1.0,0.0
805,1.736189603805542,42,1.0,1.0,1.0
806,1.3856284618377686,33,1.0,1.0,1.0
807,1.3964121341705322,33,1.0,1.0,1.0
808,1.0742747783660889,26,1.0,1.0,0.0
809,1.0878665447235107,26,-1.0,0.0,1.0
810,1.2106668949127197,29,1.0,1.0,1.0
811,1.3817508220672607,33,1.0,1.0,1.0
812,2.467193126678467,59,-1.0,1.0,2.0
813,1.0875635147094727,26,1.0,1.0,0.0
814,1.7540614604949951,42,1.0,1.0,1.0
815,1.0702853202819824,26,-1.0,0.0,1.0
816,2.6738052368164062,64,-1.0,2.0,3.0
817,1.0730860233306885,26,1.0,1.0,0.0
818,1.0798838138580322,26,1.0,1.0,0.0
819,1.0976901054382324,26,-1.0,0.0,1.0
820,1.173022747039795,28,1.0,1.0,1.0
821,1.0914170742034912,26,1.0,1.0,0.0
822,1.0904009342193604,26,-1.0,0.0,1.0
823,1.0874221324920654,26,-1.0,0.0,1.0
824,1.990849256515503,48,-1.0,1.0,1.0
825,1.0883140563964844,26,1.0,1.0,0.0
826,2.4509222507476807,59,-1.0,1.0,2.0
827,1.1578567028045654,28,1.0,1.0,1.0
828,1.091681718826294,26,1.0,1.0,0.0
829,1.7518246173858643,42,1.0,1.0,1.0
830,1.0898222923278809,26,1.0,1.0,0.0
831,1.7392282485961914,42,1.0,1.0,1.0
832,1.0880513191223145,26,1.0,1.0,0.0
833,1.0890583992004395,26,-1.0,0.0,1.0
834,0.4074106216430664,10,-1.0,0.0,0.0
835,1.7552316188812256,42,1.0,1.0,1.0
836,1.072911024093628,26,1.0,1.0,0.0
837,1.0892341136932373,26,-1.0,0.0,1.0
838,1.0891656875610352,26,1.0,1.0,0.0
839,1.0780344009399414,26,-1.0,0.0,1.0
840,1.0899367332458496,26,-1.0,0.0,1.0
841,1.0985932350158691,26,-1.0,0.0,1.0
842,1.0732109546661377,26,-1.0,0.0,1.0
843,1.0881311893463135,26,1.0,1.0,0.0
844,1.0725886821746826,26,1.0,1.0,0.0
845,0.4256730079650879,10,-1.0,0.0,0.0
846,1.0738732814788818,26,-1.0,0.0,1.0
847,2.449280261993408,59,-1.0,1.0,2.0
848,1.0893700122833252,26,-1.0,0.0,1.0
849,1.0728914737701416,26,-1.0,0.0,1.0
850,1.090378999710083,26,1.0,1.0,0.0
851,1.0742077827453613,26,1.0,1.0,0.0
852,1.090003490447998,26,1.0,1.0,0.0
853,1.090008020401001,26,1.0,1.0,0.0
854,1.7527852058410645,42,1.0,1.0,1.0
855,1.0892062187194824,26,-1.0,0.0,1.0
856,1.1568398475646973,28,1.0,1.0,1.0
857,1.0904207229614258,26,-1.0,0.0,1.0
858,1.7424125671386719,42,1.0,1.0,1.0
859,1.0922784805297852,26,-1.0,0.0,1.0
860,1.0760166645050049,26,1.0,1.0,0.0
861,1.0932233333587646,26,-1.0,0.0,1.0
862,1.0788908004760742,26,1.0,1.0,0.0
863,1.0748233795166016,26,1.0,1.0,0.0
864,1.7572848796844482,42,1.0,1.0,1.0
865,1.0781655311584473,26,-1.0,0.0,1.0
866,1.0928456783294678,26,-1.0,0.0,1.0
867,1.0912401676177979,26,-1.0,0.0,1.0
868,55.16075587272644,1324,-1.0,1.0,2.0
869,1.0909268856048584,26,1.0,1.0,0.0
870,1.0708158016204834,26,1.0,1.0,0.0
871,1.0917608737945557,26,1.0,1.0,0.0
872,1.0716688632965088,26,1.0,1.0,0.0
873,1.086059808731079,26,-1.0,0.0,1.0
874,1.090097427368164,26,1.0,1.0,0.0
875,4.713683605194092,113,-1.0,2.0,3.0
876,2.4678590297698975,59,-1.0,1.0,2.0
877,1.071704626083374,26,1.0,1.0,0.0
878,1.0923492908477783,26,-1.0,0.0,1.0
879,1.069504737854004,26,-1.0,0.0,1.0
880,1.089838981628418,26,1.0,1.0,0.0
881,1.0881929397583008,26,1.0,1.0,0.0
882,1.0726330280303955,26,1.0,1.0,0.0
883,1.0879459381103516,26,1.0,1.0,0.0
884,1.1552598476409912,28,1.0,1.0,1.0
885,1.0879807472229004,26,1.0,1.0,0.0
886,1.091362714767456,26,-1.0,0.0,1.0
887,0.4073951244354248,10,-1.0,0.0,0.0
888,0.426877498626709,10,-1.0,0.0,0.0
889,1.0764977931976318,26,1.0,1.0,0.0
890,2.4458870887756348,59,-1.0,1.0,2.0
891,1.0783686637878418,26,-1.0,0.0,1.0
892,1.0952403545379639,26,1.0,1.0,0.0
893,0.4097321033477783,10,-1.0,0.0,0.0
894,2.470890998840332,59,-1.0,1.0,2.0
895,1.0722200870513916,26,-1.0,0.0,1.0
896,1.092400074005127,26,-1.0,0.0,1.0
897,2.046539783477783,49,-1.0,1.0,1.0
898,1.8031632900238037,43,1.0,1.0,1.0
899,1.7901041507720947,43,1.0,1.0,1.0
900,1.0897605419158936,26,-1.0,0.0,1.0
901,1.0558412075042725,26,-1.0,0.0,1.0
902,1.2004516124725342,36,1.0,1.0,1.0
903,1.1899194717407227,36,1.0,1.0,1.0
904,1.769944190979004,53,1.0,1.0,1.0
905,1.7738375663757324,53,1.0,1.0,1.0
906,1.0904004573822021,33,1.0,1.0,0.0
907,1.1053681373596191,33,-1.0,0.0,1.0
908,1.1923530101776123,36,1.0,1.0,1.0
909,1.1113944053649902,33,-1.0,0.0,1.0
910,1.0914106369018555,33,1.0,1.0,0.0
911,2.8111298084259033,84,-1.0,1.0,2.0
912,1.1918632984161377,36,1.0,1.0,1.0
913,1.194606065750122,36,1.0,1.0,1.0
914,1.0999398231506348,33,-1.0,0.0,1.0
915,1.206756591796875,36,1.0,1.0,1.0
916,1.0893008708953857,33,-1.0,0.0,1.0
917,2.472905397415161,74,-1.0,1.0,2.0
918,0.40789175033569336,12,-1.0,0.0,0.0
919,1.0893666744232178,33,-1.0,0.0,1.0
920,1.873466968536377,56,-1.0,1.0,2.0
921,1.19217848777771,36,1.0,1.0,1.0
922,1.110112190246582,33,-1.0,0.0,1.0
923,1.09159255027771,33,-1.0,0.0,1.0
924,1.1052496433258057,33,-1.0,0.0,1.0
925,1.1915314197540283,36,1.0,1.0,1.0
926,1.1072959899902344,33,-1.0,0.0,1.0
927,1.191232442855835,36,1.0,1.0,1.0
928,1.207423210144043,36,1.0,1.0,1.0
929,1.0891225337982178,33,-1.0,1.0,1.0
930,1.1066930294036865,33,-1.0,0.0,1.0
931,4.160792589187622,125,1.0,2.0,2.0
932,2.4727232456207275,74,-1.0,1.0,2.0
933,0.3915703296661377,12,-1.0,0.0,0.0
934,2.029121160507202,61,-1.0,1.0,1.0
935,1.106200933456421,33,-1.0,0.0,1.0
936,1.2075703144073486,36,1.0,1.0,1.0
937,0.3920297622680664,12,-1.0,0.0,0.0
938,4.128225326538086,124,-1.0,1.0,2.0
939,4.1421263217926025,124,-1.0,1.0,2.0
940,1.1991961002349854,36,1.0,1.0,1.0
941,0.42571282386779785,13,-1.0,1.0,0.0
942,1.2094671726226807,36,1.0,1.0,1.0
943,1.0908417701721191,33,-1.0,0.0,1.0
944,1.874781847000122,56,-1.0,1.0,2.0
945,2.7864415645599365,84,-1.0,1.0,2.0
946,1.2087581157684326,36,1.0,1.0,1.0
947,1.088987112045288,33,-1.0,0.0,1.0
948,1.2127740383148193,36,1.0,1.0,1.0
949,2.0275747776031494,61,-1.0,1.0,1.0
950,2.45813250541687,74,-1.0,1.0,2.0
951,1.105240821838379,33,-1.0,0.0,1.0
952,1.1922328472137451,36,1.0,1.0,1.0
953,1.2138333320617676,36,1.0,1.0,1.0
954,1.089961051940918,33,-1.0,0.0,1.0
955,1.1061058044433594,33,-1.0,0.0,1.0
956,1.0963926315307617,33,1.0,1.0,0.0
957,1.7713737487792969,53,1.0,1.0,1.0
958,2.0238311290740967,61,-1.0,1.0,1.0
959,1.7651262283325195,53,1.0,1.0,1.0
960,0.4100041389465332,12,-1.0,0.0,0.0
961,1.1930437088012695,36,1.0,1.0,1.0
962,1.194108247756958,36,1.0,1.0,1.0
963,1.7702462673187256,53,1.0,1.0,1.0
964,2.471928358078003,74,-1.0,1.0,2.0
965,6.322098970413208,190,1.0,2.0,2.0
966,1.7731695175170898,53,1.0,1.0,1.0
967,1.195887565612793,36,1.0,1.0,1.0
968,1.2121164798736572,36,1.0,1.0,1.0
969,3.2356159687042236,97,1.0,2.0,2.0
970,1.1972002983093262,36,1.0,1.0,1.0
971,1.0902974605560303,33,-1.0,0.0,1.0
972,2.475693702697754,74,-1.0,1.0,2.0
973,1.1911284923553467,36,1.0,1.0,1.0
974,1.2088229656219482,36,1.0,1.0,1.0
975,1.1913111209869385,36,1.0,1.0,1.0
976,4.141708612442017,124,-1.0,1.0,2.0
977,2.0249156951904297,61,-1.0,1.0,1.0
978,1.2089407444000244,36,1.0,1.0,1.0
979,1.0892930030822754,33,-1.0,0.0,1.0
980,1.2102265357971191,36,1.0,1.0,1.0
981,1.0913116931915283,33,-1.0,0.0,1.0
982,0.40935206413269043,12,-1.0,0.0,0.0
983,1.1910083293914795,36,1.0,1.0,1.0
984,1.3272147178649902,40,-1.0,1.0,1.0
985,1.1066570281982422,33,-1.0,0.0,1.0
986,1.0931365489959717,33,-1.0,0.0,1.0
987,1.209761381149292,36,1.0,1.0,1.0
988,1.1923272609710693,36,1.0,1.0,1.0
989,2.466763496398926,74,-1.0,1.0,2.0
990,1.1981618404388428,36,1.0,1.0,1.0
991,0.40805530548095703,12,-1.0,0.0,0.0
992,1.0890541076660156,33,-1.0,0.0,1.0
993,2.04461669921875,61,-1.0,1.0,1.0
994,1.0891895294189453,33,-1.0,0.0,1.0
995,1.1083614826202393,33,-1.0,0.0,1.0
996,1.191720962524414,36,1.0,1.0,1.0
997,1.1051695346832275,33,-1.0,0.0,1.0
998,1.2019379138946533,36,1.0,1.0,1.0
999,1.089470624923706,33,-1.0,0.0,1.0
1000,4.135380744934082,124,-1.0,1.0,2.0
1001,1.20963454246521,36,1.0,1.0,1.0
1002,1.1928420066833496,36,1.0,1.0,1.0
1003,1.8724606037139893,56,-1.0,1.0,2.0
1004,1.0888633728027344,33,-1.0,0.0,1.0
1005,1.7700536251068115,53,1.0,1.0,1.0
1006,2.0277159214019775,61,-1.0,1.0,1.0
1007,1.2112834453582764,36,1.0,1.0,1.0
1008,1.0932326316833496,33,-1.0,0.0,1.0
1009,1.096956729888916,33,-1.0,0.0,1.0
1010,1.2066316604614258,36,1.0,1.0,1.0
1011,1.0886003971099854,33,-1.0,0.0,1.0
1012,1.2091922760009766,36,1.0,1.0,1.0
1013,1.193269968032837,36,1.0,1.0,1.0
1014,1.2070395946502686,36,1.0,1.0,1.0
1015,0.40907740592956543,12,-1.0,0.0,0.0
1016,0.39162325859069824,12,-1.0,0.0,0.0
1017,1.2095568180084229,36,1.0,1.0,1.0
1018,1.089604139328003,33,-1.0,0.0,1.0
1019,1.2080836296081543,36,1.0,1.0,1.0
1020,4.124078273773193,124,-1.0,1.0,2.0
1021,1.1072635650634766,33,-1.0,0.0,1.0
1022,0.39541077613830566,12,-1.0,0.0,0.0
1023,1.193084478378296,36,1.0,1.0,1.0
1024,0.4092681407928467,12,-1.0,0.0,0.0
1025,0.3915085792541504,12,1.0,0.0,0.0
1026,1.2096643447875977,36,1.0,1.0,1.0
1027,2.4559760093688965,74,-1.0,1.0,2.0
1028,1.1082332134246826,33,-1.0,0.0,1.0
1029,1.090897798538208,33,-1.0,0.0,1.0
1030,1.209843635559082,36,1.0,1.0,1.0
1031,1.1956584453582764,36,1.0,1.0,1.0
1032,1.1953089237213135,36,1.0,1.0,1.0
1033,1.1105573177337646,33,-1.0,0.0,1.0
1034,2.4558067321777344,74,-1.0,1.0,2.0
1035,1.1189134120941162,33,-1.0,0.0,1.0
1036,0.4085886478424072,12,-1.0,0.0,0.0
1037,1.8569700717926025,56,-1.0,1.0,2.0
1038,0.4087028503417969,12,-1.0,0.0,0.0
1039,1.0896556377410889,33,-1.0,0.0,1.0
1040,1.0994603633880615,33,1.0,1.0,0.0
1041,1.1929123401641846,36,1.0,1.0,1.0
1042,2.0319266319274902,61,-1.0,1.0,1.0
1043,1.1057243347167969,33,-1.0,0.0,1.0
1044,1.1074938774108887,33,-1.0,0.0,1.0
1045,1.090806007385254,33,-1.0,0.0,1.0
1046,1.110624074935913,33,-1.0,0.0,1.0
1047,1.1086139678955078,33,-1.0,0.0,1.0
1048,1.1941781044006348,36,1.0,1.0,1.0
1049,1.2094032764434814,36,1.0,1.0,1.0
1050,1.190795660018921,36,1.0,1.0,1.0
1051,1.1065566539764404,33,-1.0,0.0,1.0
1052,1.093618631362915,33,-1.0,0.0,1.0
1053,1.209930419921875,36,1.0,1.0,1.0
1054,1.1105682849884033,33,1.0,1.0,0.0
1055,1.0957913398742676,33,-1.0,0.0,1.0
1056,1.2088029384613037,36,1.0,1.0,1.0
1057,1.0890114307403564,33,-1.0,0.0,1.0
1058,2.4704155921936035,74,-1.0,1.0,2.0
1059,2.030298948287964,61,-1.0,1.0,1.0
1060,1.1073787212371826,33,-1.0,0.0,1.0
1061,1.1926562786102295,36,1.0,1.0,1.0
1062,1.2085998058319092,36,1.0,1.0,1.0
1063,1.1917800903320312,36,1.0,1.0,1.0
1064,1.208427906036377,36,1.0,1.0,1.0
1065,1.0922131538391113,33,-1.0,1.0,1.0
1066,0.3909947872161865,12,-1.0,0.0,0.0
1067,0.4073059558868408,12,-1.0,0.0,0.0
1068,1.1923062801361084,36,1.0,1.0,1.0
1069,1.208115577697754,36,1.0,1.0,1.0
1070,1.1903505325317383,36,1.0,1.0,1.0
1071,1.106997013092041,33,-1.0,0.0,1.0
1072,1.1917452812194824,36,1.0,1.0,1.0
1073,2.8078808784484863,84,-1.0,1.0,2.0
1074,0.3907887935638428,12,-1.0,0.0,0.0
1075,1.2106025218963623,36,1.0,1.0,1.0
1076,1.1907885074615479,36,1.0,1.0,1.0
1077,1.20784592628479,36,1.0,1.0,1.0
1078,1.087209701538086,33,-1.0,0.0,1.0
1079,1.2095816135406494,36,1.0,1.0,1.0
1080,1.0958542823791504,33,-1.0,0.0,1.0
1081,1.1070780754089355,33,-1.0,0.0,1.0
1082,0.4249563217163086,13,-1.0,1.0,0.0
1083,1.1080670356750488,33,-1.0,0.0,1.0
1084,1.0902175903320312,33,1.0,1.0,0.0
1085,1.1049768924713135,33,-1.0,0.0,1.0
1086,1.093193769454956,33,-1.0,0.0,1.0
1087,1.1022169589996338,33,-1.0,0.0,1.0
1088,1.1970229148864746,36,1.0,1.0,1.0
1089,1.1928918361663818,36,1.0,1.0,1.0
1090,1.1159863471984863,33,-1.0,0.0,1.0
1091,1.0762560367584229,32,-1.0,0.0,1.0
1092,1.7617852687835693,53,1.0,1.0,1.0
1093,1.107405662536621,33,-1.0,1.0,1.0
1094,1.0881249904632568,33,-1.0,0.0,1.0
1095,2.468121290206909,74,-1.0,1.0,2.0
1096,1.2089149951934814,36,1.0,1.0,1.0
1097,1.0902960300445557,33,-1.0,0.0,1.0
1098,1.105515956878662,33,-1.0,0.0,1.0
1099,2.468642473220825,74,-1.0,1.0,2.0
1100,0.3908226490020752,12,-1.0,0.0,0.0
1101,4.1360764503479,124,-1.0,1.0,2.0
1102,0.39430665969848633,12,-1.0,0.0,0.0
1103,4.471446990966797,134,-1.0,2.0,3.0
1104,1.1907320022583008,36,1.0,1.0,1.0
1105,1.2066950798034668,36,1.0,1.0,1.0
1106,1.0882959365844727,33,-1.0,0.0,1.0
1107,1.2075927257537842,36,1.0,1.0,1.0
1108,1.0905239582061768,33,-1.0,0.0,1.0
1109,1.1051793098449707,33,-1.0,0.0,1.0
1110,2.4655354022979736,74,-1.0,1.0,2.0
1111,1.2070422172546387,36,1.0,1.0,1.0
1112,1.7680602073669434,53,1.0,1.0,1.0
1113,1.0886259078979492,33,-1.0,0.0,1.0
1114,1.1030519008636475,33,-1.0,0.0,1.0
1115,1.1044585704803467,33,-1.0,0.0,1.0
1116,1.0933327674865723,33,-1.0,0.0,1.0
1117,1.0911166667938232,33,-1.0,0.0,1.0
1118,1.1064927577972412,33,1.0,1.0,0.0
1119,1.1934609413146973,36,1.0,1.0,1.0
1120,1.2090115547180176,36,1.0,1.0,1.0
1121,1.1916100978851318,36,1.0,1.0,1.0
1122,1.2093029022216797,36,1.0,1.0,1.0
1123,0.4258115291595459,13,-1.0,1.0,0.0
1124,1.1088848114013672,33,-1.0,0.0,1.0
1125,1.1054966449737549,33,-1.0,0.0,1.0
1126,1.7682583332061768,53,1.0,1.0,1.0
1127,1.773169994354248,53,1.0,1.0,1.0
1128,0.39122486114501953,12,-1.0,0.0,0.0
1129,1.196763277053833,36,1.0,1.0,1.0
1130,1.1041679382324219,33,1.0,1.0,0.0
1131,1.1065540313720703,33,-1.0,0.0,1.0
1132,1.1916186809539795,36,1.0,1.0,1.0
1133,4.129380464553833,124,-1.0,1.0,2.0
1134,1.104628562927246,33,-1.0,0.0,1.0
1135,1.1930696964263916,36,1.0,1.0,1.0
1136,1.7715022563934326,53,1.0,1.0,1.0
1137,1.7717313766479492,53,1.0,1.0,1.0
1138,1.0918004512786865,33,-1.0,0.0,1.0
1139,1.1073369979858398,33,-1.0,0.0,1.0
1140,1.1907680034637451,36,1.0,1.0,1.0
1141,1.1080851554870605,33,-1.0,0.0,1.0
1142,0.39165163040161133,12,-1.0,0.0,0.0
1143,4.135864496231079,124,-1.0,1.0,2.0
1144,1.1904067993164062,36,1.0,1.0,1.0
1145,1.7696630954742432,53,1.0,1.0,1.0
1146,1.210303544998169,36,1.0,1.0,1.0
1147,1.7589304447174072,53,1.0,1.0,1.0
1148,1.767773151397705,53,1.0,1.0,1.0
1149,1.089904546737671,33,-1.0,0.0,1.0
1150,2.470487594604492,74,-1.0,1.0,2.0
1151,1.7684767246246338,53,1.0,1.0,1.0
1152,1.1935441493988037,36,1.0,1.0,1.0
1153,1.21181321144104,36,1.0,1.0,1.0
1154,2.0300543308258057,61,-1.0,1.0,1.0
1155,1.0961523056030273,33,-1.0,0.0,1.0
1156,1.1918957233428955,36,1.0,1.0,1.0
1157,0.4112069606781006,12,-1.0,0.0,0.0
1158,1.1918609142303467,36,1.0,1.0,1.0
1159,1.109431505203247,33,-1.0,0.0,1.0
1160,1.1954305171966553,36,1.0,1.0,1.0
1161,1.1949355602264404,36,1.0,1.0,1.0
1162,2.470306634902954,74,-1.0,1.0,2.0
1163,1.7591404914855957,53,1.0,1.0,1.0
1164,1.1085844039916992,33,-1.0,0.0,1.0
1165,0.39351367950439453,12,-1.0,0.0,0.0
1166,1.0959718227386475,33,-1.0,0.0,1.0
1167,1.107215404510498,33,-1.0,0.0,1.0
1168,1.1934874057769775,36,1.0,1.0,1.0
1169,1.77152681350708,53,1.0,1.0,1.0
1170,0.3909130096435547,12,-1.0,0.0,0.0
1171,1.1091721057891846,33,-1.0,1.0,1.0
1172,1.094648838043213,33,1.0,1.0,0.0
1173,0.39150452613830566,12,-1.0,0.0,0.0
1174,1.106407880783081,33,1.0,1.0,0.0
1175,1.1927239894866943,36,1.0,1.0,1.0
1176,0.41152501106262207,12,-1.0,0.0,0.0
1177,2.4694337844848633,74,-1.0,1.0,2.0
1178,2.0335581302642822,61,-1.0,1.0,1.0
1179,2.027432918548584,61,-1.0,1.0,1.0
1180,1.1981122493743896,36,1.0,1.0,1.0
1181,0.4108285903930664,12,-1.0,0.0,0.0
1182,0.39557671546936035,12,-1.0,0.0,0.0
1183,0.39323902130126953,12,-1.0,0.0,0.0
1184,1.1080389022827148,33,-1.0,0.0,1.0
1185,1.758474349975586,53,1.0,1.0,1.0
1186,1.1951189041137695,36,1.0,1.0,1.0
1187,1.1055514812469482,33,-1.0,0.0,1.0
1188,1.1934444904327393,36,1.0,1.0,1.0
1189,1.1059138774871826,33,-1.0,0.0,1.0
1190,1.2028372287750244,36,1.0,1.0,1.0
1191,1.0899107456207275,33,-1.0,0.0,1.0
1192,1.1099531650543213,33,-1.0,0.0,1.0
1193,1.0927767753601074,33,-1.0,0.0,1.0
1194,1.2093498706817627,36,1.0,1.0,1.0
1195,1.106684923171997,33,1.0,1.0,0.0
1196,1.1944692134857178,36,1.0,1.0,1.0
1197,1.1110296249389648,33,-1.0,0.0,1.0
1198,0.3913729190826416,12,-1.0,0.0,0.0
1199,2.0292365550994873,61,-1.0,1.0,1.0
1200,1.772287130355835,53,1.0,1.0,1.0
1201,1.1062700748443604,33,-1.0,0.0,1.0
1202,1.1941862106323242,36,1.0,1.0,1.0
1203,1.7597482204437256,53,1.0,1.0,1.0
1204,1.7713301181793213,53,1.0,1.0,1.0
1205,1.106010913848877,33,-1.0,0.0,1.0
1206,1.7674944400787354,53,1.0,1.0,1.0
1207,1.1923611164093018,36,1.0,1.0,1.0
1208,1.7707409858703613,53,1.0,1.0,1.0
1209,1.1017963886260986,33,-1.0,0.0,1.0
1210,2.656644582748413,80,-1.0,2.0,3.0
1211,1.2110536098480225,36,1.0,1.0,1.0
1212,1.0900940895080566,33,-1.0,0.0,1.0
1213,1.7716715335845947,53,1.0,1.0,1.0
1214,1.1980843544006348,36,1.0,1.0,1.0
1215,1.1947295665740967,36,1.0,1.0,1.0
1216,1.774416446685791,53,1.0,1.0,1.0
1217,1.19075345993042,36,1.0,1.0,1.0
1218,1.2073724269866943,36,1.0,1.0,1.0
1219,1.0895287990570068,33,-1.0,0.0,1.0
1220,1.1071045398712158,33,-1.0,0.0,1.0
1221,1.191061019897461,36,1.0,1.0,1.0
1222,1.2097547054290771,36,1.0,1.0,1.0
1223,1.1929469108581543,36,1.0,1.0,1.0
1224,1.091487169265747,33,-1.0,0.0,1.0
1225,1.7704176902770996,53,1.0,1.0,1.0
1226,1.1070423126220703,33,-1.0,0.0,1.0
1227,1.092519760131836,33,-1.0,0.0,1.0
1228,1.2109289169311523,36,1.0,1.0,1.0
1229,0.40957045555114746,12,-1.0,0.0,0.0
1230,1.1974148750305176,36,1.0,1.0,1.0
1231,1.1959404945373535,36,1.0,1.0,1.0
1232,1.7728445529937744,53,1.0,1.0,1.0
1233,1.1961448192596436,36,1.0,1.0,1.0
1234,2.474320411682129,74,-1.0,1.0,2.0
1235,1.7727177143096924,53,1.0,1.0,1.0
1236,1.0910861492156982,33,-1.0,0.0,1.0
1237,1.7720036506652832,53,1.0,1.0,1.0
1238,1.092419147491455,33,-1.0,1.0,1.0
1239,1.2102949619293213,36,1.0,1.0,1.0
1240,0.4078960418701172,12,-1.0,0.0,0.0
1241,0.3921372890472412,12,1.0,0.0,0.0
1242,1.1967685222625732,36,1.0,1.0,1.0
1243,1.770906686782837,53,1.0,1.0,1.0
1244,1.7704696655273438,53,1.0,1.0,1.0
1245,1.7576220035552979,53,1.0,1.0,1.0
1246,0.41084861755371094,12,-1.0,0.0,0.0
1247,1.1935961246490479,36,1.0,1.0,1.0
1248,1.1933255195617676,36,1.0,1.0,1.0
1249,1.2116851806640625,36,1.0,1.0,1.0
1250,1.1877448558807373,36,1.0,1.0,1.0
1251,3.139803647994995,94,1.0,2.0,2.0
1252,2.027604103088379,61,-1.0,1.0,1.0
1253,0.4079408645629883,12,-1.0,0.0,0.0
1254,0.3918271064758301,12,-1.0,0.0,0.0
1255,0.4066455364227295,12,-1.0,0.0,0.0
1256,1.1931383609771729,36,1.0,1.0,1.0
1257,1.8582196235656738,56,-1.0,1.0,2.0
1258,1.7745165824890137,53,1.0,1.0,1.0
1259,1.0939927101135254,33,1.0,1.0,0.0
1260,0.4089236259460449,12,-1.0,0.0,0.0
1261,1.091320514678955,33,1.0,1.0,0.0
1262,1.7749214172363281,53,1.0,1.0,1.0
1263,1.0912344455718994,33,-1.0,0.0,1.0
1264,1.1101794242858887,33,-1.0,0.0,1.0
1265,1.0736474990844727,32,-1.0,0.0,1.0
1266,1.1080822944641113,33,-1.0,0.0,1.0
1267,1.192918062210083,36,1.0,1.0,1.0
1268,1.1934247016906738,36,1.0,1.0,1.0
1269,0.4069538116455078,12,-1.0,0.0,0.0
1270,1.1940102577209473,36,1.0,1.0,1.0
1271,1.109140396118164,33,-1.0,0.0,1.0
1272,1.090186595916748,33,1.0,1.0,0.0
1273,1.7741639614105225,53,1.0,1.0,1.0
1274,1.1942846775054932,36,1.0,1.0,1.0
1275,2.4709060192108154,74,-1.0,1.0,2.0
1276,2.45603084564209,74,-1.0,1.0,2.0
1277,1.202812671661377,36,1.0,1.0,1.0
1278,1.772533655166626,53,1.0,1.0,1.0
1279,1.1928575038909912,36,1.0,1.0,1.0
1280,1.771899938583374,53,1.0,1.0,1.0
1281,1.1945655345916748,36,1.0,1.0,1.0
1282,1.2093799114227295,36,1.0,1.0,1.0
1283,1.1955981254577637,36,1.0,1.0,1.0
1284,2.474168300628662,74,-1.0,1.0,2.0
1285,2.0008466243743896,60,-1.0,1.0,1.0
1286,1.2110395431518555,36,1.0,1.0,1.0
1287,1.7643344402313232,53,1.0,1.0,1.0
1288,1.1948699951171875,36,1.0,1.0,1.0
1289,1.0936024188995361,33,-1.0,0.0,1.0
1290,2.4727783203125,74,-1.0,1.0,2.0
1291,1.1099514961242676,33,-1.0,0.0,1.0
1292,1.0913710594177246,33,-1.0,0.0,1.0
1293,1.0907156467437744,33,-1.0,0.0,1.0
1294,2.472834587097168,74,-1.0,1.0,2.0
1295,1.1937167644500732,36,1.0,1.0,1.0
1296,1.1059017181396484,33,-1.0,0.0,1.0
1297,55.17173886299133,1655,-1.0,1.0,2.0
1298,1.1944336891174316,36,1.0,1.0,1.0
1299,1.1929008960723877,36,1.0,1.0,1.0
1300,0.4103214740753174,12,-1.0,0.0,0.0
1301,2.4557061195373535,74,-1.0,1.0,2.0
1302,1.108130931854248,33,-1.0,1.0,1.0
1303,2.4576032161712646,74,-1.0,1.0,2.0
1304,1.2101044654846191,36,1.0,1.0,1.0
1305,2.0313262939453125,61,-1.0,1.0,1.0
1306,1.0899536609649658,33,-1.0,0.0,1.0
1307,1.206282138824463,36,1.0,1.0,1.0
1308,1.192408561706543,36,1.0,1.0,1.0
1309,1.1110377311706543,33,-1.0,0.0,1.0
1310,1.754197120666504,53,1.0,1.0,1.0
1311,1.1095619201660156,33,-1.0,0.0,1.0
1312,1.0901684761047363,33,-1.0,0.0,1.0
1313,1.7746734619140625,53,1.0,1.0,1.0
1314,1.1952354907989502,36,1.0,1.0,1.0
1315,1.1999619007110596,36,1.0,1.0,1.0
1316,2.472707748413086,74,-1.0,1.0,2.0
1317,1.199141025543213,36,1.0,1.0,1.0
1318,1.1921591758728027,36,1.0,1.0,1.0
1319,1.7727930545806885,53,1.0,1.0,1.0
1320,0.39163994789123535,12,-1.0,0.0,0.0
1321,1.2120959758758545,36,1.0,1.0,1.0
1322,1.193505048751831,36,1.0,1.0,1.0
1323,1.7710204124450684,53,1.0,1.0,1.0
1324,1.7576947212219238,53,1.0,1.0,1.0
1325,1.2117648124694824,36,1.0,1.0,1.0
1326,2.025327444076538,61,-1.0,1.0,1.0
1327,1.1070947647094727,33,-1.0,0.0,1.0
1328,1.088599681854248,33,1.0,1.0,0.0
1329,1.2026176452636719,36,1.0,1.0,1.0
1330,2.9658827781677246,89,1.0,1.0,0.0
1331,1.7717959880828857,53,1.0,1.0,1.0
1332,1.1968095302581787,36,1.0,1.0,1.0
1333,1.1941215991973877,36,1.0,1.0,1.0
1334,2.033289909362793,61,-1.0,1.0,1.0
1335,1.776041030883789,53,1.0,1.0,1.0
1336,1.090700387954712,33,-1.0,0.0,1.0
1337,3.139439344406128,94,1.0,2.0,2.0
1338,1.0550169944763184,32,1.0,1.0,0.0
1339,1.7720482349395752,53,1.0,1.0,1.0
1340,4.468571186065674,134,-1.0,2.0,3.0
1341,1.764380693435669,53,1.0,1.0,1.0
1342,1.765636920928955,53,1.0,1.0,1.0
1343,1.2042901515960693,36,1.0,1.0,1.0
1344,2.02073335647583,61,-1.0,1.0,1.0
1345,1.781944990158081,53,1.0,1.0,1.0
1346,2.799008369445801,84,-1.0,1.0,2.0
1347,1.1873817443847656,36,1.0,1.0,1.0
1348,1.7659735679626465,53,1.0,1.0,1.0
1349,1.765202522277832,53,1.0,1.0,1.0
1350,1.2044439315795898,36,1.0,1.0,1.0
1351,2.460935354232788,74,-1.0,1.0,2.0
1352,1.7639992237091064,53,1.0,1.0,1.0
1353,1.2066783905029297,36,1.0,1.0,1.0
1354,1.069251537322998,32,-1.0,1.0,1.0
1355,1.7638335227966309,53,1.0,1.0,1.0
1356,1.2039587497711182,36,1.0,1.0,1.0
1357,1.764023780822754,53,1.0,1.0,1.0
1358,1.1025934219360352,33,-1.0,0.0,1.0
1359,1.0850987434387207,33,-1.0,0.0,1.0
1360,0.40752077102661133,12,-1.0,0.0,0.0
1361,1.2038156986236572,36,1.0,1.0,1.0
1362,1.7646408081054688,53,1.0,1.0,1.0
1363,1.1022961139678955,33,-1.0,0.0,1.0
1364,1.7649531364440918,53,1.0,1.0,1.0
1365,1.7638542652130127,53,1.0,1.0,1.0
1366,2.036755084991455,61,-1.0,1.0,1.0
1367,1.763517141342163,53,1.0,1.0,1.0
1368,1.1869893074035645,36,1.0,1.0,1.0
1369,1.205575704574585,36,1.0,1.0,1.0
1370,0.4069392681121826,12,-1.0,0.0,0.0
1371,1.1873679161071777,36,1.0,1.0,1.0
1372,1.7649781703948975,53,1.0,1.0,1.0
1373,1.1026804447174072,33,-1.0,0.0,1.0
1374,1.2043852806091309,36,1.0,1.0,1.0
1375,1.7639081478118896,53,1.0,1.0,1.0
1376,1.1032845973968506,33,-1.0,0.0,1.0
1377,0.39168405532836914,12,1.0,0.0,0.0
1378,1.7666821479797363,53,1.0,1.0,1.0
1379,1.2043380737304688,36,1.0,1.0,1.0
1380,2.03670597076416,61,-1.0,1.0,1.0
1381,1.1880288124084473,36,1.0,1.0,1.0
1382,1.79947829246521,54,1.0,1.0,1.0
1383,1.1042516231536865,33,-1.0,0.0,1.0
1384,1.2063121795654297,36,1.0,1.0,1.0
1385,1.0893800258636475,33,1.0,1.0,0.0
1386,1.207793951034546,36,1.0,1.0,1.0
1387,2.9627089500427246,89,1.0,1.0,0.0
1388,1.0914721488952637,33,-1.0,0.0,1.0
1389,1.2075989246368408,36,1.0,1.0,1.0
1390,1.1952548027038574,36,1.0,1.0,1.0
1391,1.196941614151001,36,1.0,1.0,1.0
1392,1.2107501029968262,36,1.0,1.0,1.0
1393,2.0293617248535156,61,-1.0,1.0,1.0
1394,1.769862413406372,53,1.0,1.0,1.0
1395,1.0927271842956543,33,-1.0,0.0,1.0
1396,55.17401957511902,1655,-1.0,1.0,2.0
1397,1.0892996788024902,33,1.0,1.0,0.0
1398,1.7691771984100342,53,1.0,1.0,1.0
1399,1.194586992263794,36,1.0,1.0,1.0
1400,55.17597436904907,1655,-1.0,1.0,2.0
1401,2.9627418518066406,89,1.0,1.0,0.0
1402,1.1962108612060547,36,1.0,1.0,1.0
1403,1.1948151588439941,36,1.0,1.0,1.0
1404,1.108821153640747,33,1.0,1.0,0.0
1405,1.096034288406372,33,1.0,1.0,0.0
1406,1.7686958312988281,53,1.0,1.0,1.0
1407,0.39017629623413086,12,1.0,0.0,0.0
1408,1.1041269302368164,33,1.0,1.0,0.0
1409,1.207763671875,36,1.0,1.0,1.0
1410,1.1046228408813477,33,1.0,1.0,0.0
1411,1.209864854812622,36,1.0,1.0,1.0
1412,1.1905851364135742,36,1.0,1.0,1.0
1413,1.2053546905517578,36,1.0,1.0,1.0
1414,1.190331220626831,36,1.0,1.0,1.0
1415,1.2065246105194092,36,1.0,1.0,1.0
1416,1.7670855522155762,53,1.0,1.0,1.0
1417,1.1900103092193604,36,1.0,1.0,1.0
1418,1.2069106101989746,36,1.0,1.0,1.0
1419,1.089146375656128,33,-1.0,0.0,1.0
1420,1.1058101654052734,33,-1.0,0.0,1.0
1421,1.0935096740722656,33,-1.0,0.0,1.0
1422,2.4712862968444824,74,-1.0,1.0,2.0
1423,1.769049882888794,53,1.0,1.0,1.0
1424,1.104621410369873,33,-1.0,0.0,1.0
1425,1.7509655952453613,53,1.0,1.0,1.0
1426,1.2128031253814697,36,1.0,1.0,1.0
1427,1.089686393737793,33,-1.0,0.0,1.0
1428,1.7730159759521484,53,1.0,1.0,1.0
1429,1.191694736480713,36,1.0,1.0,1.0
1430,1.1961250305175781,36,1.0,1.0,1.0
1431,2.4663617610931396,74,-1.0,1.0,2.0
1432,1.7744464874267578,53,1.0,1.0,1.0
1433,0.39197278022766113,12,-1.0,0.0,0.0
1434,1.2091941833496094,36,1.0,1.0,1.0
1435,1.1900618076324463,36,1.0,1.0,1.0
1436,1.2079541683197021,36,1.0,1.0,1.0
1437,2.471264600753784,74,-1.0,1.0,2.0
1438,2.964829921722412,89,1.0,1.0,0.0
1439,1.0905730724334717,33,-1.0,0.0,1.0
1440,1.7710278034210205,53,1.0,1.0,1.0
1441,1.0934245586395264,33,-1.0,0.0,1.0
1442,1.768033504486084,53,1.0,1.0,1.0
1443,1.1999022960662842,36,1.0,1.0,1.0
1444,1.108736515045166,33,-1.0,0.0,1.0
1445,1.0959365367889404,33,-1.0,0.0,1.0
1446,1.1057345867156982,33,-1.0,0.0,1.0
1447,1.1096010208129883,33,-1.0,0.0,1.0
1448,1.0937714576721191,33,-1.0,0.0,1.0
1449,1.1086161136627197,33,-1.0,0.0,1.0
1450,2.964083194732666,89,1.0,1.0,0.0
1451,1.1913070678710938,36,1.0,1.0,1.0
1452,1.7732248306274414,53,1.0,1.0,1.0
1453,1.7714104652404785,53,1.0,1.0,1.0
1454,1.0877981185913086,33,-1.0,0.0,1.0
1455,1.1065452098846436,33,-1.0,0.0,1.0
1456,1.194777488708496,36,1.0,1.0,1.0
1457,1.76835036277771,53,1.0,1.0,1.0
1458,1.1074886322021484,33,-1.0,0.0,1.0
1459,1.193469762802124,36,1.0,1.0,1.0
1460,1.2096853256225586,36,1.0,1.0,1.0
1461,1.191573143005371,36,1.0,1.0,1.0
1462,1.7673366069793701,53,1.0,1.0,1.0
1463,1.7714619636535645,53,1.0,1.0,1.0
1464,1.1917715072631836,36,1.0,1.0,1.0
1465,1.769822359085083,53,1.0,1.0,1.0
1466,1.10426926612854,33,-1.0,0.0,1.0
1467,1.0892786979675293,33,-1.0,0.0,1.0
1468,1.206847906112671,36,1.0,1.0,1.0
1469,1.7698068618774414,53,1.0,1.0,1.0
1470,1.189950942993164,36,1.0,1.0,1.0
1471,1.2101447582244873,36,1.0,1.0,1.0
1472,1.088808298110962,33,-1.0,0.0,1.0
1473,2.808410406112671,84,-1.0,1.0,2.0
1474,1.1909711360931396,36,1.0,1.0,1.0
1475,1.2071967124938965,36,1.0,1.0,1.0
1476,1.0877878665924072,33,-1.0,0.0,1.0
1477,1.7669119834899902,53,1.0,1.0,1.0
1478,1.7694334983825684,53,1.0,1.0,1.0
1479,1.770806074142456,53,1.0,1.0,1.0
1480,1.1912825107574463,36,1.0,1.0,1.0
1481,1.1934380531311035,36,1.0,1.0,1.0
1482,1.771151065826416,53,1.0,1.0,1.0
1483,1.205493688583374,36,1.0,1.0,1.0
1484,1.1912667751312256,36,1.0,1.0,1.0
1485,1.7699859142303467,53,1.0,1.0,1.0
1486,0.40781164169311523,12,-1.0,0.0,0.0
1487,1.751373529434204,53,1.0,1.0,1.0
1488,1.7682499885559082,53,1.0,1.0,1.0
1489,1.770566701889038,53,1.0,1.0,1.0
1490,1.1929707527160645,36,1.0,1.0,1.0
1491,1.208373785018921,36,1.0,1.0,1.0
1492,1.759347915649414,53,1.0,1.0,1.0
1493,1.1060144901275635,33,1.0,1.0,0.0
1494,1.206479787826538,36,1.0,1.0,1.0
1495,3.2296814918518066,97,1.0,2.0,2.0
1496,0.3904838562011719,12,-1.0,0.0,0.0
1497,1.7718391418457031,53,1.0,1.0,1.0
1498,1.757537841796875,53,1.0,1.0,1.0
1499,1.2080531120300293,36,1.0,1.0,1.0
1500,1.1900129318237305,36,1.0,1.0,1.0
1501,1.2100856304168701,36,1.0,1.0,1.0
1502,1.7677443027496338,53,1.0,1.0,1.0
1503,1.7683429718017578,53,1.0,1.0,1.0
1504,1.756864309310913,53,1.0,1.0,1.0
1505,1.7743842601776123,53,1.0,1.0,1.0
1506,2.4640731811523438,74,-1.0,1.0,2.0
1507,1.1896429061889648,36,1.0,1.0,1.0
1508,1.2068397998809814,36,1.0,1.0,1.0
1509,1.7677702903747559,53,1.0,1.0,1.0
1510,1.1024246215820312,33,-1.0,0.0,1.0
1511,0.4099106788635254,12,-1.0,0.0,0.0
1512,0.3928031921386719,12,1.0,0.0,0.0
1513,2.4693822860717773,74,-1.0,1.0,2.0
1514,1.206341028213501,36,1.0,1.0,1.0
1515,1.1903395652770996,36,1.0,1.0,1.0
1516,1.2091796398162842,36,1.0,1.0,1.0
1517,4.130259275436401,124,-1.0,1.0,2.0
1518,2.025231122970581,61,-1.0,1.0,1.0
1519,1.1058902740478516,33,-1.0,0.0,1.0
1520,1.190645694732666,36,1.0,1.0,1.0
1521,1.7694189548492432,53,1.0,1.0,1.0
1522,1.7711687088012695,53,1.0,1.0,1.0
1523,1.7670068740844727,53,1.0,1.0,1.0
1524,1.770540475845337,53,1.0,1.0,1.0
1525,1.190755844116211,36,1.0,1.0,1.0
1526,1.2087514400482178,36,1.0,1.0,1.0
1527,1.7716929912567139,53,1.0,1.0,1.0
1528,1.0893962383270264,33,1.0,1.0,0.0
1529,1.1977777481079102,36,1.0,1.0,1.0
1530,1.1993136405944824,36,1.0,1.0,1.0
1531,2.4673662185668945,74,-1.0,1.0,2.0
1532,1.1070082187652588,33,-1.0,0.0,1.0
1533,1.1060066223144531,33,-1.0,0.0,1.0
1534,1.088986873626709,33,-1.0,0.0,1.0
1535,1.7640533447265625,53,1.0,1.0,1.0
1536,1.7700135707855225,53,1.0,1.0,1.0
1537,1.766831874847412,53,1.0,1.0,1.0
1538,1.208362102508545,36,1.0,1.0,1.0
1539,1.0958995819091797,33,1.0,1.0,0.0
1540,1.1944196224212646,36,1.0,1.0,1.0
1541,1.093811273574829,33,1.0,1.0,0.0
1542,1.2093615531921387,36,1.0,1.0,1.0
1543,1.7593553066253662,53,1.0,1.0,1.0
1544,1.769860029220581,53,1.0,1.0,1.0
1545,1.1908910274505615,36,1.0,1.0,1.0
1546,1.2081372737884521,36,1.0,1.0,1.0
1547,1.189669132232666,36,1.0,1.0,1.0
1548,1.7699413299560547,53,1.0,1.0,1.0
1549,1.1061856746673584,33,-1.0,0.0,1.0
1550,1.754868507385254,53,1.0,1.0,1.0
1551,1.108201026916504,33,-1.0,0.0,1.0
1552,1.2030866146087646,36,1.0,1.0,1.0
1553,1.1922409534454346,36,1.0,1.0,1.0
1554,1.1977319717407227,36,1.0,1.0,1.0
1555,1.7752423286437988,53,1.0,1.0,1.0
1556,0.42604851722717285,13,-1.0,1.0,0.0
1557,1.774909496307373,53,1.0,1.0,1.0
1558,1.0889930725097656,33,-1.0,0.0,1.0
1559,1.1049304008483887,33,-1.0,0.0,1.0
1560,1.7757270336151123,53,1.0,1.0,1.0
1561,1.1071240901947021,33,1.0,1.0,0.0
1562,1.773148536682129,53,1.0,1.0,1.0
1563,1.190901517868042,36,1.0,1.0,1.0
1564,1.7710392475128174,53,1.0,1.0,1.0
1565,1.7726399898529053,53,1.0,1.0,1.0
1566,1.193385124206543,36,1.0,1.0,1.0
1567,2.0307676792144775,61,-1.0,1.0,1.0
1568,1.773219347000122,53,1.0,1.0,1.0
1569,2.030991792678833,61,-1.0,1.0,1.0
1570,1.7942891120910645,54,1.0,1.0,1.0
1571,1.105773687362671,33,-1.0,0.0,1.0
1572,2.0300257205963135,61,-1.0,1.0,1.0
1573,1.7711377143859863,53,-1.0,1.0,1.0
1574,1.755009412765503,53,1.0,1.0,1.0
1575,1.2095921039581299,36,1.0,1.0,1.0
1576,1.1939723491668701,36,1.0,1.0,1.0
1577,1.2088508605957031,36,1.0,1.0,1.0
1578,1.7549059391021729,53,1.0,1.0,1.0
1579,1.211301565170288,36,1.0,1.0,1.0
1580,1.0936691761016846,33,-1.0,0.0,1.0
1581,1.7691295146942139,53,1.0,1.0,1.0
1582,1.7558989524841309,53,1.0,1.0,1.0
1583,1.2110991477966309,36,1.0,1.0,1.0
1584,1.0934243202209473,33,-1.0,0.0,1.0
1585,1.193268060684204,36,1.0,1.0,1.0
1586,1.1061010360717773,33,1.0,1.0,0.0
1587,1.1962401866912842,36,1.0,1.0,1.0
1588,1.194145679473877,36,1.0,1.0,1.0
1589,1.2075309753417969,36,1.0,1.0,1.0
1590,1.191490888595581,36,1.0,1.0,1.0
1591,1.1070442199707031,33,-1.0,0.0,1.0
1592,1.7698137760162354,53,1.0,1.0,1.0
1593,1.7555646896362305,53,1.0,1.0,1.0
1594,1.2153611183166504,36,1.0,1.0,1.0
1595,0.3922998905181885,12,-1.0,0.0,0.0
1596,1.7717881202697754,53,1.0,1.0,1.0
1597,1.093297004699707,33,-1.0,0.0,1.0
1598,1.2099344730377197,36,1.0,1.0,1.0
1599,1.1987385749816895,36,1.0,1.0,1.0
1600,1.787907600402832,54,1.0,1.0,1.0
1601,1.2062020301818848,36,1.0,1.0,1.0
1602,1.1915779113769531,36,1.0,1.0,1.0
1603,1.8360612392425537,33,-1.0,1.0,1.0
1604,1.1928627490997314,36,1.0,1.0,1.0
1605,1.212498426437378,36,1.0,1.0,1.0
1606,1.0949745178222656,33,1.0,1.0,0.0
1607,1.7727539539337158,53,1.0,1.0,1.0
1608,1.0917387008666992,33,-1.0,0.0,1.0
1609,2.0272300243377686,61,-1.0,1.0,1.0
1610,1.2023637294769287,36,1.0,1.0,1.0
1611,2.0114779472351074,60,-1.0,1.0,1.0
1612,1.0907113552093506,33,1.0,1.0,0.0
1613,2.465938091278076,74,-1.0,1.0,2.0
1614,1.770458459854126,53,1.0,1.0,1.0
1615,55.734179735183716,1672,1.0,2.0,2.0
1616,1.754593849182129,53,1.0,1.0,1.0
1617,1.2068498134613037,36,1.0,1.0,1.0
1618,1.7702665328979492,53,1.0,1.0,1.0
1619,0.39220738410949707,12,-1.0,0.0,0.0
1620,1.7748594284057617,53,1.0,1.0,1.0
1621,1.1927502155303955,36,1.0,1.0,1.0
1622,1.1911954879760742,36,1.0,1.0,1.0
1623,1.106006145477295,33,-1.0,0.0,1.0
1624,1.207472562789917,36,1.0,1.0,1.0
1625,1.192674160003662,36,1.0,1.0,1.0
1626,1.2076828479766846,36,1.0,1.0,1.0
1627,1.101259708404541,33,1.0,1.0,0.0
1628,1.1033742427825928,33,-1.0,0.0,1.0
1629,1.2048275470733643,36,1.0,1.0,1.0
1630,1.1916224956512451,36,1.0,1.0,1.0
1631,4.136962413787842,124,-1.0,1.0,2.0
1632,1.767080545425415,53,1.0,1.0,1.0
1633,2.024515390396118,61,-1.0,1.0,1.0
1634,1.7682504653930664,53,1.0,1.0,1.0
1635,1.207576036453247,36,1.0,1.0,1.0
1636,1.19514799118042,36,1.0,1.0,1.0
1637,1.1911592483520508,36,1.0,1.0,1.0
1638,1.774799108505249,53,1.0,1.0,1.0
1639,1.1906657218933105,36,1.0,1.0,1.0
1640,1.2048931121826172,36,1.0,1.0,1.0
1641,1.769730567932129,53,1.0,1.0,1.0
1642,2.0240368843078613,61,-1.0,1.0,1.0
1643,1.2069592475891113,36,1.0,1.0,1.0
1644,2.0285253524780273,61,-1.0,1.0,1.0
1645,1.7663030624389648,53,1.0,1.0,1.0
1646,0.40987300872802734,12,-1.0,0.0,0.0
1647,1.0722579956054688,32,-1.0,0.0,1.0
1648,1.770470142364502,53,1.0,1.0,1.0
1649,1.7687389850616455,53,1.0,1.0,1.0
1650,1.769827127456665,53,1.0,1.0,1.0
1651,1.0527658462524414,32,-1.0,0.0,1.0
1652,1.104222059249878,33,1.0,1.0,0.0
1653,1.2086515426635742,36,1.0,1.0,1.0
1654,1.1044468879699707,33,1.0,1.0,0.0
1655,2.462646245956421,74,-1.0,1.0,2.0
1656,1.2073240280151367,36,1.0,1.0,1.0
1657,1.7688522338867188,53,1.0,1.0,1.0
1658,1.7669880390167236,53,1.0,1.0,1.0
1659,1.76523756980896,53,1.0,1.0,1.0
1660,1.2065625190734863,36,1.0,1.0,1.0
1661,1.7661426067352295,53,1.0,1.0,1.0
1662,1.75156831741333,53,1.0,1.0,1.0
1663,1.7697277069091797,53,1.0,1.0,1.0
1664,1.207352876663208,36,1.0,1.0,1.0
1665,1.0907049179077148,33,-1.0,0.0,1.0
1666,1.7735238075256348,53,1.0,1.0,1.0
1667,3.135993480682373,94,1.0,2.0,2.0
1668,2.0275981426239014,61,-1.0,1.0,1.0
1669,2.4692978858947754,74,-1.0,1.0,2.0
1670,2.960925817489624,89,1.0,1.0,0.0
1671,2.4699959754943848,74,-1.0,1.0,2.0
1672,1.187096357345581,36,1.0,1.0,1.0
1673,1.772895336151123,53,1.0,1.0,1.0
1674,1.0972886085510254,33,1.0,1.0,0.0
1675,1.2056775093078613,36,1.0,1.0,1.0
1676,2.4656460285186768,74,-1.0,1.0,2.0
1677,2.4640848636627197,74,-1.0,1.0,2.0
1678,1.092573881149292,33,-1.0,0.0,1.0
1679,1.7683584690093994,53,1.0,1.0,1.0
1680,1.7712538242340088,53,1.0,1.0,1.0
1681,0.39210009574890137,12,-1.0,0.0,0.0
1682,1.7689158916473389,53,1.0,1.0,1.0
1683,1.7688179016113281,53,1.0,1.0,1.0
1684,1.208245038986206,36,1.0,1.0,1.0
1685,1.1892597675323486,36,1.0,1.0,1.0
1686,1.2076478004455566,36,1.0,1.0,1.0
1687,0.3913280963897705,12,-1.0,0.0,0.0
1688,1.7702672481536865,53,1.0,1.0,1.0
1689,1.7688424587249756,53,1.0,1.0,1.0
1690,1.7681539058685303,53,1.0,1.0,1.0
1691,1.1898841857910156,36,1.0,1.0,1.0
1692,2.804154872894287,84,-1.0,1.0,2.0
1693,1.194347620010376,36,1.0,1.0,1.0
1694,1.2086660861968994,36,1.0,1.0,1.0
1695,1.1899757385253906,36,1.0,1.0,1.0
1696,1.7688837051391602,53,1.0,1.0,1.0
1697,1.206331729888916,36,1.0,1.0,1.0
1698,1.7700812816619873,53,1.0,1.0,1.0
1699,1.1901628971099854,36,1.0,1.0,1.0
1700,1.7727134227752686,53,1.0,1.0,1.0
1701,1.754094123840332,53,1.0,1.0,1.0
1702,1.7677428722381592,53,1.0,1.0,1.0
1703,1.2083258628845215,36,1.0,1.0,1.0
1704,2.028461217880249,61,-1.0,1.0,1.0
1705,0.39270448684692383,12,-1.0,0.0,0.0
1706,1.1078743934631348,33,1.0,1.0,0.0
1707,1.7694385051727295,53,1.0,1.0,1.0
1708,0.42255234718322754,13,-1.0,1.0,0.0
1709,1.2085490226745605,36,1.0,1.0,1.0
1710,1.0908989906311035,33,-1.0,0.0,1.0
1711,1.2066776752471924,36,1.0,1.0,1.0
1712,1.1882247924804688,36,1.0,1.0,1.0
1713,1.2095189094543457,36,1.0,1.0,1.0
1714,1.1994726657867432,36,1.0,1.0,1.0
1715,0.4256284236907959,13,-1.0,1.0,0.0
1716,1.7706167697906494,53,1.0,1.0,1.0
1717,1.7550487518310547,53,1.0,1.0,1.0
1718,1.10636568069458,33,1.0,1.0,0.0
1719,1.769249677658081,53,1.0,1.0,1.0
1720,2.0275652408599854,61,-1.0,1.0,1.0
1721,2.4722275733947754,74,-1.0,1.0,2.0
1722,2.02421236038208,61,-1.0,1.0,1.0
1723,2.4326043128967285,73,-1.0,1.0,2.0
1724,1.2074084281921387,36,1.0,1.0,1.0
1725,0.4080469608306885,12,-1.0,0.0,0.0
1726,2.446932792663574,73,-1.0,1.0,2.0
1727,2.0244550704956055,61,-1.0,1.0,1.0
1728,1.205207347869873,36,1.0,1.0,1.0
1729,1.1910862922668457,36,1.0,1.0,1.0
1730,1.19490647315979,36,1.0,1.0,1.0
1731,1.7697184085845947,53,1.0,1.0,1.0
1732,1.0756819248199463,32,-1.0,0.0,1.0
1733,1.768730640411377,53,1.0,1.0,1.0
1734,1.753032922744751,53,1.0,1.0,1.0
1735,1.1987090110778809,36,1.0,1.0,1.0
1736,1.2071566581726074,36,1.0,1.0,1.0
1737,4.135271310806274,124,-1.0,1.0,2.0
1738,2.4676787853240967,74,-1.0,1.0,2.0
1739,1.1897015571594238,36,1.0,1.0,1.0
1740,1.1090748310089111,33,-1.0,0.0,1.0
1741,1.7537391185760498,53,1.0,1.0,1.0
1742,1.209956169128418,36,1.0,1.0,1.0
1743,2.4668450355529785,74,-1.0,1.0,2.0
1744,1.0885186195373535,33,-1.0,0.0,1.0
1745,1.768831491470337,53,1.0,1.0,1.0
1746,1.2061550617218018,36,1.0,1.0,1.0
1747,1.09028959274292,33,1.0,1.0,0.0
1748,2.0421345233917236,61,-1.0,1.0,1.0
1749,1.7689595222473145,53,1.0,1.0,1.0
1750,2.4790029525756836,74,-1.0,1.0,2.0
1751,1.7539787292480469,53,1.0,1.0,1.0
1752,2.4301717281341553,73,-1.0,2.0,2.0
1753,2.4657092094421387,74,-1.0,1.0,2.0
1754,1.2066388130187988,36,1.0,1.0,1.0
1755,1.1925485134124756,36,1.0,1.0,1.0
1756,1.7689988613128662,53,1.0,1.0,1.0
1757,1.201920986175537,36,1.0,1.0,1.0
1758,1.7701680660247803,53,1.0,1.0,1.0
1759,1.7678070068359375,53,1.0,1.0,1.0
1760,1.0536458492279053,32,-1.0,0.0,1.0
1761,1.10538911819458,33,1.0,1.0,0.0
1762,1.2066175937652588,36,1.0,1.0,1.0
1763,1.1898431777954102,36,1.0,1.0,1.0
1764,1.7707023620605469,53,1.0,1.0,1.0
1765,2.026589870452881,61,-1.0,1.0,1.0
1766,4.711448907852173,141,-1.0,2.0,3.0
1767,1.1886913776397705,36,1.0,1.0,1.0
1768,1.2073876857757568,36,1.0,1.0,1.0
1769,1.1917414665222168,36,1.0,1.0,1.0
1770,1.208913803100586,36,1.0,1.0,1.0
1771,1.7538349628448486,53,1.0,1.0,1.0
1772,1.7691357135772705,53,1.0,1.0,1.0
1773,1.767615556716919,53,1.0,1.0,1.0
1774,1.2082099914550781,36,1.0,1.0,1.0
1775,1.1025605201721191,33,1.0,1.0,0.0
1776,1.1911296844482422,36,1.0,1.0,1.0
1777,1.7702913284301758,53,1.0,1.0,1.0
1778,1.2054104804992676,36,1.0,1.0,1.0
1779,2.9611852169036865,89,1.0,1.0,0.0
1780,1.2067515850067139,36,1.0,1.0,1.0
1781,2.022163152694702,61,-1.0,1.0,1.0
1782,1.2059531211853027,36,1.0,1.0,1.0
1783,2.0235061645507812,61,-1.0,1.0,1.0
1784,2.466101884841919,74,-1.0,1.0,2.0
1785,1.2078306674957275,36,1.0,1.0,1.0
1786,1.205338954925537,36,1.0,1.0,1.0
1787,1.0895395278930664,33,1.0,1.0,0.0
1788,1.7687749862670898,53,1.0,1.0,1.0
1789,1.7666234970092773,53,1.0,1.0,1.0
1790,1.2061944007873535,36,1.0,1.0,1.0
1791,1.1055419445037842,33,1.0,1.0,0.0
1792,2.7945609092712402,84,-1.0,1.0,2.0
1793,1.770427942276001,53,1.0,1.0,1.0
1794,1.2064783573150635,36,1.0,1.0,1.0
1795,1.2001574039459229,36,1.0,1.0,1.0
1796,1.770465612411499,53,1.0,1.0,1.0
1797,1.0862054824829102,33,-1.0,0.0,1.0
1798,1.770418643951416,53,1.0,1.0,1.0
1799,1.2084765434265137,36,1.0,1.0,1.0
1800,1.0711913108825684,32,-1.0,0.0,1.0
1801,1.2089686393737793,36,1.0,1.0,1.0
1802,0.390902042388916,12,-1.0,0.0,0.0
1803,1.106978416442871,33,-1.0,0.0,1.0
1804,1.7550995349884033,53,1.0,1.0,1.0
1805,55.1689555644989,1655,-1.0,1.0,2.0
1806,1.195713996887207,36,1.0,1.0,1.0
1807,2.040127992630005,61,-1.0,1.0,1.0
1808,1.1940321922302246,36,1.0,1.0,1.0
1809,1.1954779624938965,36,1.0,1.0,1.0
1810,1.20989990234375,36,1.0,1.0,1.0
1811,1.7532169818878174,53,1.0,1.0,1.0
1812,1.7698214054107666,53,1.0,1.0,1.0
1813,1.207414150238037,36,1.0,1.0,1.0
1814,1.7672743797302246,53,1.0,1.0,1.0
1815,0.3939547538757324,12,-1.0,0.0,0.0
1816,1.7703051567077637,53,1.0,1.0,1.0
1817,1.1913933753967285,36,1.0,1.0,1.0
1818,2.4658005237579346,74,-1.0,1.0,2.0
1819,1.2102973461151123,36,1.0,1.0,1.0
1820,1.1061832904815674,33,1.0,1.0,0.0
1821,1.208949327468872,36,1.0,1.0,1.0
1822,1.1936366558074951,36,1.0,1.0,1.0
1823,0.3920886516571045,12,1.0,0.0,0.0
1824,1.211289644241333,36,1.0,1.0,1.0
1825,1.7661495208740234,53,1.0,1.0,1.0
1826,1.1915028095245361,36,1.0,1.0,1.0
1827,1.7702510356903076,53,1.0,1.0,1.0
1828,1.191955804824829,36,1.0,1.0,1.0
1829,1.2087714672088623,36,1.0,1.0,1.0
1830,1.190134048461914,36,1.0,1.0,1.0
1831,1.7678725719451904,53,1.0,1.0,1.0
1832,1.2080612182617188,36,1.0,1.0,1.0
1833,1.1913437843322754,36,1.0,1.0,1.0
1834,1.2085509300231934,36,1.0,1.0,1.0
1835,1.1063783168792725,33,-1.0,0.0,1.0
1836,1.7714097499847412,53,1.0,1.0,1.0
1837,1.770937204360962,53,1.0,1.0,1.0
1838,1.0719916820526123,32,-1.0,1.0,1.0
1839,1.7700159549713135,53,1.0,1.0,1.0
1840,1.1913881301879883,36,1.0,1.0,1.0
1841,1.7710778713226318,53,1.0,1.0,1.0
1842,2.4676766395568848,74,-1.0,1.0,2.0
1843,1.769465446472168,53,1.0,1.0,1.0
1844,1.1915600299835205,36,1.0,1.0,1.0
1845,1.7691895961761475,53,1.0,1.0,1.0
1846,1.2070910930633545,36,1.0,1.0,1.0
1847,1.191462755203247,36,1.0,1.0,1.0
1848,1.34055757522583,40,1.0,1.0,1.0
1849,1.190476894378662,36,1.0,1.0,1.0
1850,1.2076570987701416,36,1.0,1.0,1.0
1851,1.1889793872833252,36,1.0,1.0,1.0
1852,1.2093327045440674,36,1.0,1.0,1.0
1853,1.7698557376861572,53,1.0,1.0,1.0
1854,1.0887424945831299,33,1.0,1.0,0.0
1855,1.210636854171753,36,1.0,1.0,1.0
1856,2.9584403038024902,89,1.0,1.0,0.0
1857,1.2067770957946777,36,1.0,1.0,1.0
1858,1.7535858154296875,53,1.0,1.0,1.0
1859,1.7677879333496094,53,1.0,1.0,1.0
1860,1.208153247833252,36,1.0,1.0,1.0
1861,2.4666428565979004,74,-1.0,1.0,2.0
1862,0.39017748832702637,12,1.0,0.0,0.0
1863,1.7714145183563232,53,1.0,1.0,1.0
1864,1.2056231498718262,36,1.0,1.0,1.0
1865,1.751293420791626,53,1.0,1.0,1.0
1866,4.469264984130859,134,-1.0,2.0,3.0
1867,1.768660545349121,53,1.0,1.0,1.0
1868,1.206604242324829,36,1.0,1.0,1.0
1869,1.7538306713104248,53,1.0,1.0,1.0
1870,1.7667930126190186,53,1.0,1.0,1.0
1871,1.2079181671142578,36,1.0,1.0,1.0
1872,1.1900277137756348,36,1.0,1.0,1.0
1873,1.2082886695861816,36,1.0,1.0,1.0
1874,1.1909334659576416,36,1.0,1.0,1.0
1875,1.1053709983825684,33,1.0,1.0,0.0
1876,2.4690544605255127,74,-1.0,1.0,2.0
1877,1.7677276134490967,53,1.0,1.0,1.0
1878,2.0250260829925537,61,-1.0,1.0,1.0
1879,2.4697000980377197,74,-1.0,1.0,2.0
1880,2.4696574211120605,74,-1.0,1.0,2.0
1881,1.1902129650115967,36,1.0,1.0,1.0
1882,1.7670783996582031,53,1.0,1.0,1.0
1883,1.2058818340301514,36,1.0,1.0,1.0
1884,1.7677819728851318,53,1.0,1.0,1.0
1885,0.3906831741333008,12,1.0,0.0,0.0
1886,2.807917356491089,84,-1.0,1.0,2.0
1887,1.7699267864227295,53,1.0,1.0,1.0
1888,1.7531943321228027,53,1.0,1.0,1.0
1889,1.7728874683380127,53,1.0,1.0,1.0
1890,32.43832874298096,973,1.0,3.0,4.0
1891,1.7588136196136475,53,1.0,1.0,1.0
1892,4.7083024978637695,141,-1.0,2.0,3.0
1893,1.7557673454284668,53,1.0,1.0,1.0
1894,1.2112808227539062,36,1.0,1.0,1.0
1895,1.088136911392212,33,1.0,1.0,0.0
1896,1.2079951763153076,36,1.0,1.0,1.0
1897,1.198500394821167,36,1.0,1.0,1.0
1898,1.7656261920928955,53,1.0,1.0,1.0
1899,1.7686970233917236,53,1.0,1.0,1.0
1900,1.1883087158203125,36,1.0,1.0,1.0
1901,1.7683312892913818,53,1.0,1.0,1.0
1902,1.7707688808441162,53,1.0,1.0,1.0
1903,1.090071201324463,33,1.0,1.0,0.0
1904,1.7705907821655273,53,1.0,1.0,1.0
1905,1.195408582687378,36,1.0,1.0,1.0
1906,1.7722127437591553,53,1.0,1.0,1.0
1907,1.7699778079986572,53,1.0,1.0,1.0
1908,1.0427696704864502,31,-1.0,1.0,1.0
1909,1.195408821105957,36,1.0,1.0,1.0
1910,1.776947021484375,53,1.0,1.0,1.0
1911,2.9652462005615234,89,1.0,1.0,0.0
1912,2.466881513595581,74,-1.0,1.0,2.0
1913,1.7547810077667236,53,1.0,1.0,1.0
1914,1.7720446586608887,53,1.0,1.0,1.0
1915,1.7742960453033447,53,1.0,1.0,1.0
1916,1.1933295726776123,36,1.0,1.0,1.0
1917,1.206010341644287,36,1.0,1.0,1.0
1918,2.77951717376709,83,-1.0,1.0,2.0
1919,1.0930659770965576,33,1.0,1.0,0.0
1920,1.7560648918151855,53,1.0,1.0,1.0
1921,1.7713212966918945,53,1.0,1.0,1.0
1922,1.2066905498504639,36,1.0,1.0,1.0
1923,1.7551991939544678,53,1.0,1.0,1.0
1924,1.2118160724639893,36,1.0,1.0,1.0
1925,1.1910395622253418,36,1.0,1.0,1.0
1926,1.7701101303100586,53,1.0,1.0,1.0
1927,0.3934004306793213,12,1.0,0.0,0.0
1928,1.2093000411987305,36,1.0,1.0,1.0
1929,1.7589809894561768,53,1.0,1.0,1.0
1930,1.7727632522583008,53,1.0,1.0,1.0
1931,1.1937038898468018,36,1.0,1.0,1.0
1932,1.1920652389526367,36,1.0,1.0,1.0
1933,2.469836711883545,74,-1.0,1.0,2.0
1934,1.2077853679656982,36,1.0,1.0,1.0
1935,1.7552671432495117,53,1.0,1.0,1.0
1936,1.2080953121185303,36,1.0,1.0,1.0
1937,4.119795322418213,124,-1.0,1.0,2.0
1938,1.2113473415374756,36,1.0,1.0,1.0
1939,1.1948127746582031,36,1.0,1.0,1.0
1940,1.2072148323059082,36,1.0,1.0,1.0
1941,1.7689590454101562,53,1.0,1.0,1.0
1942,6.32455039024353,190,1.0,2.0,2.0
1943,1.7721974849700928,53,1.0,1.0,1.0
1944,1.7533535957336426,53,1.0,1.0,1.0
1945,1.209568977355957,36,1.0,1.0,1.0
1946,1.1992874145507812,36,1.0,1.0,1.0
1947,1.7583191394805908,53,1.0,1.0,1.0
1948,1.213623285293579,36,1.0,1.0,1.0
1949,0.41205644607543945,12,-1.0,0.0,0.0
1950,1.7711818218231201,53,1.0,1.0,1.0
1951,1.1042375564575195,33,-1.0,0.0,1.0
1952,1.7738368511199951,53,1.0,1.0,1.0
1953,2.4681992530822754,74,-1.0,1.0,2.0
1954,2.960665225982666,89,1.0,1.0,0.0
1955,1.7598295211791992,53,1.0,1.0,1.0
1956,1.7721688747406006,53,1.0,1.0,1.0
1957,1.76883864402771,53,1.0,1.0,1.0
1958,1.1931278705596924,36,1.0,1.0,1.0
1959,1.211895227432251,36,1.0,1.0,1.0
1960,1.1063878536224365,33,1.0,1.0,0.0
1961,1.2005572319030762,36,1.0,1.0,1.0
1962,1.192525863647461,36,1.0,1.0,1.0
1963,1.2086215019226074,36,1.0,1.0,1.0
1964,1.1965622901916504,36,1.0,1.0,1.0
1965,1.7720253467559814,53,1.0,1.0,1.0
1966,1.089294195175171,33,1.0,1.0,0.0
1967,1.7751123905181885,53,1.0,1.0,1.0
1968,2.4694104194641113,74,-1.0,1.0,2.0
1969,1.104494571685791,33,-1.0,0.0,1.0
1970,1.2082486152648926,36,1.0,1.0,1.0
1971,1.0902643203735352,33,1.0,1.0,0.0
1972,1.193850040435791,36,1.0,1.0,1.0
1973,1.7699956893920898,53,1.0,1.0,1.0
1974,6.337164640426636,190,1.0,2.0,2.0
1975,2.764162063598633,83,-1.0,1.0,2.0
1976,1.207435131072998,36,1.0,1.0,1.0
1977,1.775935173034668,53,-1.0,1.0,1.0
1978,1.7631173133850098,53,1.0,1.0,1.0
1979,1.1919188499450684,36,1.0,1.0,1.0
1980,1.2152965068817139,36,1.0,1.0,1.0
1981,1.0705761909484863,32,-1.0,0.0,1.0
1982,1.20867919921875,36,1.0,1.0,1.0
1983,1.1938557624816895,36,1.0,1.0,1.0
1984,1.7709264755249023,53,1.0,1.0,1.0
1985,1.7625458240509033,53,1.0,1.0,1.0
1986,1.1931447982788086,36,1.0,1.0,1.0
1987,1.2122080326080322,36,1.0,1.0,1.0
1988,1.0889434814453125,33,1.0,1.0,0.0
1989,1.2101645469665527,36,1.0,1.0,1.0
1990,2.0070314407348633,60,-1.0,1.0,1.0
1991,4.1364147663116455,124,-1.0,1.0,2.0
1992,1.7559282779693604,53,1.0,1.0,1.0
1993,1.7727103233337402,53,1.0,1.0,1.0
1994,2.466610908508301,74,-1.0,1.0,2.0
1995,1.7700066566467285,53,1.0,1.0,1.0
1996,1.193108320236206,36,1.0,1.0,1.0
1997,1.1929550170898438,36,1.0,1.0,1.0
1998,1.2003886699676514,36,1.0,1.0,1.0
1999,1.7695534229278564,53,1.0,1.0,1.0
